"Plot_Name","Unit_Code","Panel","Physio","Directions","Location_Notes","SampleYear","Lat","Long","IsStuntedWoodland","Num_Live_Trees","Num_Dead_Trees","Inv_Shrub_Cov","Num_Seedlings","Num_Saplings","Num_Quad_Species","Num_Add_Species","BL","BR","UL","UR"
"ACAD-001","ACAD","1","Hydric- Swamps/Bogs","Park at powerline/bike path at Mosquito Harbor before Frazer point. There is a pull off harbor side.","Carpet moss forest, thick spruce/fir midstory. Stakes were off above and below original orientation. Orientation was changed to minimize number of stakes reset.",2026,44.369447,-68.070399,FALSE,14,13,0,101,21,7,5,"ACAD_001_BL_20260622.JPG","ACAD_001_BR_20260622.JPG","ACAD_001_UL_20260622.JPG","ACAD_001_UR_20260622.JPG"
"ACAD-002","ACAD","1","Mesic- Rolling Uplands","Park at Schoodic Head parking area, proceed about 100 m down road, then out to plot.","Huckelberry understory, jack pine forest on schoodic head. ",2026,44.352056,-68.0543,FALSE,12,6,0,26,4,15,6,"ACAD_002_BL_20260622.JPG","ACAD_002_BR_20260622.JPG","ACAD_002_UL_20260622.JPG","ACAD_002_UR_20260622.JPG"
"ACAD-003","ACAD","1","Xeric- Dry Tops","Schoodic Point parking area, take social trail from top of loop","Questionable site (25% cover?); jack pine stunted woodland.",2026,44.333374,-68.059642,TRUE,37,6,0,7,4,18,3,"ACAD_003_BL_20260622.JPG","ACAD_003_BR_20260622.JPG","ACAD_003_UL_20260622.JPG","ACAD_003_UR_20260622.JPG"
"ACAD-004","ACAD","1","Mesic- Flatwoods","take 233 west from hdqrts.  Parking area on right.  Cross small stream and powerline. Going 310 to 320 bearing.","Coniferous forest with tamarack.",2026,44.377204,-68.293637,FALSE,18,7,0,2,1,8,6,"ACAD_004_BL_20260615.JPG","ACAD_004_BR_20260615.JPG","ACAD_004_UL_20260615.JPG","ACAD_004_UR_20260615.JPG"
"ACAD-005","ACAD","1","Xeric- Dry Slopes","beachcroft trail, to a 60 degree bearing","Red oak, big tooth aspen forest.  No ACAD plot tag. 2014-changed plot orientation to 182 from 180",2026,44.357813,-68.201049,FALSE,21,2,0,10,4,30,14,"ACAD_005_BL_20260615.JPG","ACAD_005_BR_20260615.JPG","ACAD_005_UL_20260615.JPG","ACAD_005_UR_20260615.JPG"
"ACAD-006","ACAD","1","Xeric- Dry Tops","parker mountain trail","Near Trail, stunted red spruce woodland. Blueberries!! 2014: Changed orientation from 280 to 286. UL rebar not able to install- oved it to UC.",2026,44.339725,-68.286536,TRUE,23,2,0,0,0,13,5,"ACAD_006_BL_20260706.JPG","ACAD_006_BR_20260706.JPG","ACAD_006_UL_20260706.JPG","ACAD_006_UR_20260706.JPG"
"ACAD-007","ACAD","1","Mesic- Moist Slopes and Coves","great slide trail to 250 deg. Bearing","Openings in canopy; red spruce dominated, near trail.",2026,44.349058,-68.288919,FALSE,25,1,0,8,5,9,6,"ACAD_007_BL_20260623.JPG","ACAD_007_BR_20260623.JPG","ACAD_007_UL_20260623.JPG","ACAD_007_UR_20260623.JPG"
"ACAD-008","ACAD","1","Hydric- Small Drain","jordon pond carraige trail","Tree size Amelanchier, near Jordon pond.",2026,44.33178,-68.26038,FALSE,29,3,0,1,14,7,11,"ACAD_008_BL_20260706.JPG","ACAD_008_BR_20260706.JPG","ACAD_008_UL_20260706.JPG","ACAD_008_UR_20260706.JPG"
"ACAD-009","ACAD","1","Mesic- Rolling Uplands","750m up Cadillac South Ridge trail.","Chose north transect because of two competing slopes in plot; red spruce, white cedar forest. Reset BC 06/30/2014",2026,44.318983,-68.217879,FALSE,18,6,0,17,3,13,6,"ACAD_009_BL_20260623.JPG","ACAD_009_BR_20260623.JPG","ACAD_009_UL_20260623.JPG","ACAD_009_UR_20260623.JPG"
"ACAD-010","ACAD","1","Xeric- Dry Slopes","Park at base of McFarland Air Research Station gated road near HQ, then take unmapped trail near base of road that begins at electric pole number 3 near gate, on left when driving towards weather station, Leads to mcfarland mountain summit and then spits out close to plot, beautiful views","UL corner witness trees; ur micro stake flat to ground; rocky beech, red maple forest.",2026,44.384743,-68.267195,FALSE,16,2,0,11,14,13,7,"ACAD_010_BL_20260617.JPG","ACAD_010_BR_20260617.JPG","ACAD_010_UL_20260617.JPG","ACAD_010_UR_20260617.JPG"
"ACAD-011","ACAD","1","Mesic- Flatwoods","Take carraige trail past Aunt Betty pond, then 120 degree bearing.","White pine overstory, spruce/fir mid-layer, thick needle ground layer. Red pine mortality makes up about 1/3 of the trees on plot.",2026,44.366116,-68.269938,FALSE,10,10,0,15,3,9,9,"ACAD_011_BL_20260616.JPG","ACAD_011_BR_20260616.JPG","ACAD_011_UL_20260616.JPG","ACAD_011_UR_20260616.JPG"
"ACAD-012","ACAD","1","Mesic- Rolling Uplands","Take fireroad near Hull's Cove south toward Breakneck Pond.  Cut in at 280 degrees.","Red oak-Spruce woodland with huckleberry and bracken fern understory.",2026,44.398749,-68.258318,FALSE,24,1,0,3,7,10,3,"ACAD_012_BL_20260616.JPG","ACAD_012_BR_20260616.JPG","ACAD_012_UL_20260616.JPG","ACAD_012_UR_20260616.JPG"
"ACAD-013","ACAD","1","Mesic- Flatwoods","Witch Hole Pond Carriage Trail from Hull's Cove Visitor's Center","White pine/red oak forest.",2026,44.401833,-68.248196,FALSE,29,2,0,0,2,4,4,"ACAD_013_BL_20260617.JPG","ACAD_013_BR_20260617.JPG","ACAD_013_UL_20260617.JPG","ACAD_013_UR_20260617.JPG"
"ACAD-014","ACAD","1","Mesic- Flatwoods","233, then 50 degree bearing.  Or take opening east of carriage trail sign- facing bar harbor traffic","West of pony shed.  Most stakes and tags were removed from the plot by a vandal, including plot center.  A new plot ACAD_MDI_014 was re-established in its place, and all of the original trees were located. Tree data are comparable, but quadrat and microplot data are not. 2014 - Reset UC, was set at 6.5m. Reset UL, was set at 9.8m.",2026,44.378411,-68.24724,FALSE,31,6,0,0,2,6,4,"ACAD_014_BL_20260617.JPG","ACAD_014_BR_20260617.JPG","ACAD_014_UL_20260617.JPG","ACAD_014_UR_20260617.JPG"
"ACAD-015","ACAD","1","Xeric- Dry Slopes","Park at MDI HS, take the cross country trail behind football field into park. Stay on trail until 110m from plot.","Beech and red oak forest; rocky.",2026,44.377197,-68.308776,FALSE,20,4,0,11,1,10,5,"ACAD_015_BL_20260616.JPG","ACAD_015_BR_20260616.JPG","ACAD_015_UL_20260616.JPG","ACAD_015_UR_20260616.JPG"
"ACAD-016","ACAD","1","Mesic- Moist Slopes and Coves","Great Notch Trail, up stream, then 30-40 degree bearing.  Goes through rubble field that's steep at times , but ends at sampleable spot. Try leaving the trail before reaching perpendicular to plot and approaching from the south on the east side of the stream to avoid steapest section.","Red spruce, white cedar; steep and rocky.",2026,44.301044,-68.363514,FALSE,44,2,0,0,1,3,6,"ACAD_016_BL_20260618.JPG","ACAD_016_BR_20260618.JPG","ACAD_016_UL_20260618.JPG","ACAD_016_UR_20260618.JPG"
"ACAD-017","ACAD","1","Mesic- Moist Slopes and Coves","Western Mtn road to Seal Cove Pond Rd","Diverse understory plot- sphagnum and upland species. Data missing for terrain position, A. Vincello, 5/13/2009.",2026,44.291873,-68.383656,FALSE,17,6,0,25,2,20,13,"ACAD_017_BL_20260618.JPG","ACAD_017_BR_20260618.JPG","ACAD_017_UL_20260618.JPG","ACAD_017_UR_20260618.JPG"
"ACAD-018","ACAD","1","Mesic- Flatwoods","Seal Cove Road, then fire road near white birches campground","LL CWD transect extends out of forested area near gravel pile and on a black saturn with government plates and playing loud music.  Red maple, red spruce forest.",2026,44.280896,-68.352453,FALSE,26,4,0,3,6,5,1,"ACAD_018_BL_20260706.JPG","ACAD_018_BR_20260706.JPG","ACAD_018_UL_20260706.JPG","ACAD_018_UR_20260706.JPG"
"ACAD-019","ACAD","1","Hydric- Swamps/Bogs","Long Pond Fire Road, park in pull off on top of hill, then south about 600 meters","White cedar forest with sphagnum herb layer. Bring boots if rainy.",2026,44.329215,-68.393361,FALSE,22,5,0,28,4,24,5,"ACAD_019_BL_20260625.JPG","ACAD_019_BR_20260625.JPG","ACAD_019_UL_20260625.JPG","ACAD_019_UR_20260625.JPG"
"ACAD-020","ACAD","1","Xeric- Dry Slopes","From Eli Cabin, take Duck Harbor Trail to road, then follow a 30 degree bearing","IAH: black spruce trees, rocky.",2026,44.037244,-68.638597,FALSE,18,1,0,14,2,11,4,"ACAD_020_BL_20260630.JPG","ACAD_020_BR_20260630.JPG","ACAD_020_UL_20260630.JPG","ACAD_020_UR_20260630.JPG"
"ACAD-021","ACAD","1","Mesic- Rolling Uplands","310 degree bearing, 200 meters from ACAD20","IAH: pitch pine woodland, lots of huckleberry. Reset BR 7/1/2014",2026,44.03886,-68.639736,FALSE,19,3,0,2,1,11,1,"ACAD_021_BL_20260630.JPG","ACAD_021_BR_20260630.JPG","ACAD_021_UL_20260630.JPG","ACAD_021_UR_20260630.JPG"
"ACAD-022","ACAD","1","Mesic- Moist Slopes and Coves","Nat Merchant trailhead, follow blazed property boundary, then north baring","IAH: plot at edge of bog with Arethusa and Calopogon orchids. ",2026,44.027877,-68.623593,FALSE,23,3,0,9,13,13,4,"ACAD_022_BL_20260629.JPG","ACAD_022_BR_20260629.JPG","ACAD_022_UL_20260629.JPG","ACAD_022_UR_20260629.JPG"
"ACAD-023","ACAD","1","Mesic- Moist Slopes and Coves","take long pond trail (IAH)","IAH:  Very rocky, sampled 1 quad on large rock, near long pond trail. Orientation recorded as 270 by 2010 crew.",2026,44.043338,-68.613372,FALSE,30,3,0,0,0,7,2,"ACAD_023_BL_20260701.JPG","ACAD_023_BR_20260701.JPG","ACAD_023_UL_20260701.JPG","ACAD_023_UR_20260701.JPG"
"ACAD-024","ACAD","1","Mesic- Rolling Uplands","Take Long Pond Road to Western Mountain Trail, then about 1 km south.  Easier to go to ACAD25 first then locate ACAD24. A little less than 600 m bushwack from plot 25. A long, but not very difficult bushwack.","Red maple dominated forest with dense huckleberry understory.",2026,44.306005,-68.384837,FALSE,14,0,0,12,0,12,3,"ACAD_024_BL_20260624.JPG","ACAD_024_BR_20260624.JPG","ACAD_024_UL_20260624.JPG","ACAD_024_UR_20260624.JPG"
"ACAD-025","ACAD","1","Mesic- Moist Slopes and Coves","Long Pond Fireroad to Western Mountain trail, then south (30 degrees from ACAD 24)","Cedar forest with large downed logs in plot.  Stream near left side of plot.. ",2026,44.310503,-68.380991,FALSE,16,12,0,36,0,6,11,"ACAD_025_BL_20260624.JPG","ACAD_025_BR_20260624.JPG","ACAD_025_UL_20260624.JPG","ACAD_025_UR_20260624.JPG"
"ACAD-026","ACAD","1","Mesic- Rolling Uplands","Long pond fireroad, follow ridge up from wetland.","LR stake is 20cm upslope from measured spot because of root.  Cedar forest with large downed logs, upslope from large wetland.",2026,44.316993,-68.395895,FALSE,11,6,0,26,5,10,12,"ACAD_026_BL_20260624.JPG","ACAD_026_BR_20260624.JPG","ACAD_026_UL_20260624.JPG","ACAD_026_UR_20260624.JPG"
"ACAD-027","ACAD","1","Mesic- Moist Slopes and Coves","Drive Hio fireroad off 102, near Bass Harbor, then 60 degree baring.","Spruce-fir forest, little herb cover. Knee boots not needed on plot but helpful for the walk in, except in dry years",2026,44.257293,-68.326455,FALSE,23,5,0,11,2,11,6,"ACAD_027_BL_20260625.JPG","ACAD_027_BR_20260625.JPG","ACAD_027_UL_20260625.JPG","ACAD_027_UR_20260625.JPG"
"ACAD-028","ACAD","1","Mesic- Moist Slopes and Coves","Day Mountain carriage trails.  Kiking from Day Mtn trail from the south, by Rt. 3 recommended to avoid carriage and car interactions","Beech/ Maple forest, close to Day Mtn. carriage trail.",2026,44.308042,-68.229509,FALSE,8,0,0,5,1,6,13,"ACAD_028_BL_20260629.JPG","ACAD_028_BR_20260629.JPG","ACAD_028_UL_20260629.JPG","ACAD_028_UR_20260629.JPG"
"ACAD-029","ACAD","1","Hydric- Swamps/Bogs","Seal Cove Road to fire road toward S. Bald Mtn., then North bearing","White cedar, sphagnum forest.",2026,44.28557,-68.368719,FALSE,30,12,0,11,0,23,7,"ACAD_029_BL_20260618.jpeg","ACAD_029_BR_20260618.jpeg","ACAD_029_UL_20260618.jpeg","ACAD_029_UR_20260618.jpeg"
"ACAD-030","ACAD","1","Xeric- Dry Slopes","Blackwoods Campground, then 60 degree bearing",NA,2026,44.312605,-68.20303,FALSE,30,3,0,3,1,10,7,"ACAD_030_BL_20260623.JPG","ACAD_030_BR_20260623.JPG","ACAD_030_UL_20260623.JPG","ACAD_030_UR_20260623.JPG"
"ACAD-031","ACAD","1","Mesic- Rolling Uplands","Long Pond Trail, then West bearing for 240 meters","Discontinuous canopy; dense spruce understory, hardwood dominants.",2026,44.312042,-68.359608,FALSE,22,4,0,5,13,5,3,"ACAD_031_BL_20260706.JPG","ACAD_031_BR_20260706.JPG","ACAD_031_UL_20260706.JPG","ACAD_031_UR_20260706.JPG"
"ACAD-032","ACAD","1","Mesic- Moist Slopes and Coves","Park at Long Pond boat ramp and take long pond trail to plot. Steep in areas, so follow trail until you walk down slope to plot.","White cedar, spruce forest - up slope from stream full of w. cedar blowdowns.",2026,44.313649,-68.368556,FALSE,37,4,0,6,6,4,5,"ACAD_032_BL_20260624.JPG","ACAD_032_BR_20260624.JPG","ACAD_032_UL_20260624.JPG","ACAD_032_UR_20260624.JPG"
"ACAD-033","ACAD","1","Mesic- Moist Slopes and Coves","Western Mtn trail past ACAD25.","Red spruce/white cedar forest.. ",2026,44.308957,-68.379803,FALSE,23,2,0,6,0,15,8,"ACAD_033_BL_20260624.JPG","ACAD_033_BR_20260624.JPG","ACAD_033_UL_20260624.JPG","ACAD_033_UR_20260624.JPG"
"ACAD-034","ACAD","1","Mesic- Rolling Uplands","North entrance of BreakNeck fireroad- 500m south, then west 1.2 km.  Passed grts 11.","Long hike in down breakneck fireroad- r. oak and r. maple codominates, r. spruce intermediates.. Poor accuracy, took 75 positions.",2026,44.397201,-68.269589,FALSE,32,0,0,0,14,3,4,"ACAD_034_BL_20260616.JPG","ACAD_034_BR_20260616.JPG","ACAD_034_UL_20260616.JPG","ACAD_034_UR_20260616.JPG"
"ACAD-035","ACAD","1","Xeric- Dry Slopes","Carriage trail down eagle lake to Conners Nubble, then south.","Rock outcrop and opening in center of plot- lots of balsam fir. ",2026,44.358194,-68.258768,FALSE,24,4,0,18,10,12,9,"ACAD_035_BL_20260617.JPG","ACAD_035_BR_20260617.JPG","ACAD_035_UL_20260617.JPG","ACAD_035_UR_20260617.JPG"
"ACAD-036","ACAD","1","Mesic- Rolling Uplands","Schoodic, park at blueberry hill parking and take alder trail towards ranger station, then 40-60 degrees to plot center","Large opening in center of plot with large outcrops.
Barely 25% canopy cover.  SERC- Exposed rock in center of plot, some stunted jack pine, large spruce.  Red vs black spruce difficult to identify
terrain position: top of slope because located on small knob- everywhere from center is down hill, topographically= lowerslope. waypointed 2m west of plot center because of large tree (in the way).
Changed orientation to 2 degrees to better reflect azimuths around the plot.",2026,44.341076,-68.048241,FALSE,24,1,0,7,6,12,6,"ACAD_036_BL_20260622.JPG","ACAD_036_BR_20260622.JPG","ACAD_036_UL_20260622.JPG","ACAD_036_UR_20260622.JPG"
"ACAD-037","ACAD","1","Mesic- Rolling Uplands","1.3 km from Rd; 130 degree baring parked at same parking area as Plot 4.","Red oak forest with white pine regen and open understory.  Blueberries!.",2026,44.366106,-68.282513,FALSE,10,0,0,8,3,16,7,"ACAD_037_BL_20260615.JPG","ACAD_037_BR_20260615.JPG","ACAD_037_UL_20260615.JPG","ACAD_037_UR_20260615.JPG"
"ACAD-038","ACAD","1","Mesic- Moist Slopes and Coves","Long pond fire road then east (downhill) 40 meters, cross over small stream near plot","Stream running near plot, heard from road. Dense red spruce canopy.. Poor satellite coverage",2026,44.332588,-68.380984,FALSE,31,2,0,3,4,4,4,"ACAD_038_BL_20260625.JPG","ACAD_038_BR_20260625.JPG","ACAD_038_UL_20260625.JPG","ACAD_038_UR_20260625.JPG"
"ACAD-039","ACAD","2","Mesic- Rolling Uplands","Park at Dermott house (park housing), 77 m to plot.","Mixed hard wood, a little rocky with Gaylussacia and Pterdium in the understory",2023,44.376931,-68.266176,FALSE,18,1,0,8,2,15,8,"ACAD_039_BL_20230705.JPG","ACAD_039_BR_20230705.JPG","ACAD_039_UL_20230705.JPG","ACAD_039_UR_20230705.JPG"
"ACAD-040","ACAD","2","Mesic- Flatwoods","take giant slide trail to carriage road.  Take a left, go just past bridge that crosses stream and head in toward the left.","Cool lichens present: Lobaria pulmonaria, Leptogium cortifolia, Loberia quercizans.",2023,44.353667,-68.290206,FALSE,15,9,0,21,11,16,14,"ACAD_040_BL_20230627.JPG","ACAD_040_BR_20230627.JPG","ACAD_040_UL_20230627.JPG","ACAD_040_UR_20230627.JPG"
"ACAD-041","ACAD","2","Mesic- Flatwoods","May be best t leave from Seawall Apt. and hike west along beach, then into woods, or park at the wonderland trail, hike in until GPS directs you perpendicular. 2019 - the hike a ong the beach is very nice, only 170m buswhack at the end.","Lots of spruce regen. With thin canopy sruce.  Moss groundcover",2023,44.233771,-68.310369,FALSE,10,1,0,45,33,13,2,"ACAD_041_BL_20230626.JPG","ACAD_041_BR_20230626.JPG","ACAD_041_UL_20230626.JPG","ACAD_041_UR_20230626.JPG"
"ACAD-042","ACAD","2","Mesic- Rolling Uplands","Ascended the trail that goes up Bald Mtn, until about 80m left. Then follow an azimuth of 70, across blueberry outcrops and amazing views until you reach the plot.",NA,2023,44.295091,-68.386217,FALSE,19,1,0,5,3,11,7,"ACAD_042_BL_20230622.JPG","ACAD_042_BR_20230622.JPG","ACAD_042_UL_20230622.JPG","ACAD_042_UR_20230622.JPG"
"ACAD-043","ACAD","2","Mesic- Rolling Uplands","park at pull-off for Sieur-de-Monts Spring trail, hike up short distance then head in up hill when 60-some meteres left","Nice plot- very open, lots of dead paper birch.",2023,44.371933,-68.217099,FALSE,24,1,0,4,3,14,12,"ACAD_043_BL_20230711.JPG","ACAD_043_BR_20230711.JPG","ACAD_043_UL_20230711.JPG","ACAD_043_UR_20230711.JPG"
"ACAD-044","ACAD","2","Xeric- Dry Slopes","from Jackson lab, head across street at 340 degrees for500 meters.","High elevation red oak woodland.  Center left stake moved 0.6m along 20 degree azimuth.",2023,44.368769,-68.202143,FALSE,14,0,0.1,21,2,13,15,"ACAD_044_BL_20230628.JPG","ACAD_044_BR_20230628.JPG","ACAD_044_UL_20230628.JPG","ACAD_044_UR_20230628.JPG"
"ACAD-045","ACAD","2","Mesic- Rolling Uplands","take canon brook trail to trail intersection.  Take a right keeping marsh on right. Head into forest on left.","Beech,birch stand.. BC offset at 6.5 instead of 7.5 because of rock
BC offset is still correct but we spray painted a green dot at actual stake location of 7.5m",2023,44.348523,-68.206257,FALSE,14,4,0,5,2,10,11,"ACAD_045_BL_20230705.JPG","ACAD_045_BR_20230705.JPG","ACAD_045_UL_20230705.JPG","ACAD_045_UR_20230705.JPG"
"ACAD-046","ACAD","2","Mesic- Floodplains/Bottomlands","take canon brook trail in, past sign for Dorr mountain. wear boots second half of bushwack.","Worst mosquitos any of us have ever seen (date unknown). Mixed hardwood/conifer, UR corner of plot had standing water in 2023.",2023,44.335998,-68.213889,FALSE,44,9,0,25,3,18,18,"ACAD_046_BL_20230705.JPG","ACAD_046_BR_20230705.JPG","ACAD_046_UL_20230705.JPG","ACAD_046_UR_20230705.JPG"
"ACAD-047","ACAD","2","Mesic- Moist Slopes and Coves","Park at Gorham Mt trail head on the loop rd, hike up Gorham Mt trail, bear left at first fork (don't take Cadillac Cliff trail).","Mosaic plot: spruce and birch, partly open on a rock.

6/22/2015:  BL offset was moved to 10.9m along the correct line (205 degrees). Quadrat should be set on the rock.",2023,44.320536,-68.193855,FALSE,16,7,0,3,4,14,12,"ACAD_047_BL_20230706.JPG","ACAD_047_BR_20230706.JPG","ACAD_047_UL_20230706.JPG","ACAD_047_UR_20230706.JPG"
"ACAD-048","ACAD","2","Xeric- Dry Slopes","We parked at the brown mountain trailhead and followed the carriage road to the ampitheatre. We passed the ampitheater and hiking trail, then turned up the slope at an azimuth of 260 for about 200m. It is a steepand rocky slope."," UR stake offset 0.8m at 332 degrees from true UR.  Jill Weber in field with us today.  Only come to this plot on a dry day in a dry week.  White pine woodland with rocky outcrops..",2023,44.323818,-68.266725,FALSE,19,1,0,28,1,16,9,"ACAD_048_BL_20230707.JPG","ACAD_048_BR_20230707.JPG","ACAD_048_UL_20230707.JPG","ACAD_048_UR_20230707.JPG"
"ACAD-049","ACAD","2","Mesic- Moist Slopes and Coves","park at end of short gated road off of Seal Cove Rd, and head in","Dense stand of young red sruce, near pretty creek.",2023,44.276119,-68.351478,FALSE,26,7,0,19,21,7,1,"ACAD_049_BL_20230626.JPG","ACAD_049_BR_20230626.JPG","ACAD_049_UL_20230626.JPG","ACAD_049_UR_20230626.JPG"
"ACAD-050","ACAD","2","Mesic- Rolling Uplands","park on Seal Cove Rd- when have roughly 170m left, go in at roughly north","Red spruce, red maple forest.",2023,44.291932,-68.381386,FALSE,37,5,0,3,4,8,7,"ACAD_050_BL_20230620.JPG","ACAD_050_BR_20230620.JPG","ACAD_050_UL_20230620.JPG","ACAD_050_UR_20230620.JPG"
"ACAD-051","ACAD","2","Mesic- Moist Slopes and Coves","take Jorda pond trail, turn onto metic southeast trail","Spruce forest on rocky slope with moderate moss cover.  Rocks slippery when wet- not great to do in rain.",2023,44.328525,-68.240391,FALSE,11,5,0,24,17,9,4,"ACAD_051_BL_20230707.JPG","ACAD_051_BR_20230707.JPG","ACAD_051_UL_20230707.JPG","ACAD_051_UR_20230707.JPG"
"ACAD-052","ACAD","2","Hydric- Swamps/Bogs","take park loop road - park in right lane- go due east about 350 m into woods. Or take gated road just inside blackwoods campground (Rt. 3 side) and park at gravel pit. Walk about 700m to plot. Walk can be wet, bring rain boots. Walking from the loop road is much easier.","dense spruce/fir with some Ace rub.",2023,44.304887,-68.214305,FALSE,27,4,0,17,26,11,12,"ACAD_052_BL_20230706.JPG","ACAD_052_BR_20230706.JPG","ACAD_052_UL_20230706.JPG","ACAD_052_UR_20230706.JPG"
"ACAD-053","ACAD","2","Mesic- Rolling Uplands","park at valley peak trailhead, walk down the fine road, take trail, folloiw it, center is about 2 paces to right of trail if walking up.","Spruce forest with some regen.  Valley Peak trail runs through plot.",2023,44.307109,-68.320758,FALSE,12,5,0,7,7,5,11,"ACAD_053_BL_20230621.JPG","ACAD_053_BR_20230621.JPG","ACAD_053_UL_20230621.JPG","ACAD_053_UR_20230621.JPG"
"ACAD-054","ACAD","2","Mesic- Flatwoods","park at St. Saveur trail parking, take trail to first sign, then follow trail to Acadia Mt. Bushwalk about 400m along contour lines to plot.","Sparse mixed conifer canopy with gaylusscia understory.",2023,44.316484,-68.325803,FALSE,13,2,0,23,4,16,1,"ACAD_054_BL_20230621.JPG","ACAD_054_BR_20230621.JPG","ACAD_054_UL_20230621.JPG","ACAD_054_UR_20230621.JPG"
"ACAD-055","ACAD","2","Mesic- Rolling Uplands","park at loop for western mountain trail on long pond fire road.  Head south about 55m.","Spruce-cedar forest. Old trail (now deer trail) running through plot.",2023,44.313848,-68.393632,FALSE,20,3,0,13,0,8,12,"ACAD_055_BL_20230622.JPG","ACAD_055_BR_20230622.JPG","ACAD_055_UL_20230622.JPG","ACAD_055_UR_20230622.JPG"
"ACAD-056","ACAD","2","Mesic- Moist Slopes and Coves","Parked on the Park Loop rd at spot 17 and walked along the bubblepond carriage road. Then took hunters trail east and continued east to the plot","Shooting range at the end of the carriage road we did not take, the one that looks closer on the map. Open understory of spruce/cedar.. 2015- changed orientation to 67 from 70.",2023,44.32511,-68.225247,FALSE,15,1,0,5,3,10,9,"ACAD_056_BL_20230711.JPG","ACAD_056_BR_20230711.JPG","ACAD_056_UL_20230711.JPG","ACAD_056_UR_20230711.JPG"
"ACAD-057","ACAD","2","Mesic- Moist Slopes and Coves","park at the resevoir parking. Take Gilley trail. Plot center in trail.","Spruce and cedar, open understory.  Plot tags moved from center to upper right boundary stake. Plot center is on trail and tree tags face away from trail instead of towards center. BC regen stake is buried (an inch sticks up from ground and is near down log on east side of trail), UR regen stake also buried (an inch sticks up from ground)",2023,44.299423,-68.364936,FALSE,18,1,0,16,0,12,10,"ACAD_057_BL_20230621.JPG","ACAD_057_BR_20230621.JPG","ACAD_057_UL_20230621.JPG","ACAD_057_UR_20230621.JPG"
"ACAD-058","ACAD","2","Mesic- Rolling Uplands","from overlook on north end of park loop road, head in at 120 degrees for about 130m.","White pine/ red oak forest.",2023,44.404865,-68.23556,FALSE,21,3,0,0,2,11,12,"ACAD_058_BL_20230706.JPG","ACAD_058_BR_20230706.JPG","ACAD_058_UL_20230706.JPG","ACAD_058_UR_20230706.JPG"
"ACAD-059","ACAD","2","Mesic- Flatwoods","We took Duck Brook Rd and parked at the bridge to access the carriage trail. We followed the carriage trail until we were about 500m away and then headed in along an azimuth of about 130, skirting the swamp until we arrived","Slightly early successional/boggish, with white and red pine.",2023,44.384607,-68.242214,FALSE,8,3,0,8,27,11,12,"ACAD_059_BL_20230706.JPG","ACAD_059_BR_20230706.JPG","ACAD_059_UL_20230706.JPG","ACAD_059_UR_20230706.JPG"
"ACAD-060","ACAD","2","Mesic- Rolling Uplands","park at long pond fire road and take the Great Notch trail- head into woods when roughly 300m left","Pass through dense spruce on way, plot is dense but more open- no herbs just moss. Okay for a rainy day.",2023,44.313668,-68.373534,FALSE,58,2,0,0,7,1,0,"ACAD_060_BL_20230620.JPG","ACAD_060_BR_20230620.JPG","ACAD_060_UL_20230620.JPG","ACAD_060_UR_20230620.JPG"
"ACAD-061","ACAD","2","Mesic- Other Mesic","from trail that comes to long pond from western trail, cut north for about 300 m before pond.","Red spruce, bigtooth aspen. 2023-large red spruce fallen over plot center. Could settle on top of center stake in future",2023,44.324512,-68.36459,FALSE,12,2,0,10,25,5,3,"ACAD_061_BL_20230620.JPG","ACAD_061_BR_20230620.JPG","ACAD_061_UL_20230620.JPG","ACAD_061_UR_20230620.JPG"
"ACAD-062","ACAD","2","Mesic- Rolling Uplands","Parking in the Beech Mtn. parking lot, follow the trail to the summit of Beech Mtn., taking the right (and longer) fork as the trail Splits. Take the trail until there are about 100m left and then go west down slope to find the trail.","Young/small spruce-brich forest. ",2023,44.313455,-68.348446,FALSE,28,2,0,0,2,11,10,"ACAD_062_BL_20230621.JPG","ACAD_062_BR_20230621.JPG","ACAD_062_UL_20230621.JPG","ACAD_062_UR_20230621.JPG"
"ACAD-063","ACAD","2","Mesic- Floodplains/Bottomlands","park o fire road, head North 600m","Spruce, cedar, lots of moss.",2023,44.338704,-68.38319,FALSE,28,4,0,21,8,14,10,"ACAD_063_BL_20230626.JPG","ACAD_063_BR_20230626.JPG","ACAD_063_UL_20230626.JPG","ACAD_063_UR_20230626.JPG"
"ACAD-064","ACAD","2","Xeric- Dry Tops","350 degrees from goat trail for 120 m.  Turn in just east of duck harbor mt. trail intersection.","Spruce woodland, center pole offset 1.5m towards upper center;bottomn left corner offset 1m away from upper left.",2023,44.018569,-68.643664,FALSE,10,1,0,11,6,11,4,"ACAD_064_BL_20230628.JPG","ACAD_064_BR_20230628.JPG","ACAD_064_UL_20230628.JPG","ACAD_064_UR_20230628.JPG"
"ACAD-065","ACAD","2","Mesic- Moist Slopes and Coves","Took the Long Pond Trail until its intersection with the Bowdidge trail. We headed off path at an azimuth of 120 for about 160m.","Birch - spruce canopy. Older spruce understory.",2023,44.045069,-68.622098,FALSE,16,1,0,1,1,5,2,"ACAD_065_BL_20230627.JPG","ACAD_065_BR_20230627.JPG","ACAD_065_UL_20230627.JPG","ACAD_065_UR_20230627.JPG"
"ACAD-066","ACAD","2","Mesic- Moist Slopes and Coves","took Bowditch trail- but if can get a lift maybe not best","Dense spruce. 2019 - rather open understory actually.",2023,44.055922,-68.623365,FALSE,28,1,0,5,8,6,8,"ACAD_066_BL_20230628.JPG","ACAD_066_BR_20230628.JPG","ACAD_066_UL_20230628.JPG","ACAD_066_UR_20230628.JPG"
"ACAD-067","ACAD","2","Mesic- Rolling Uplands","take road from Eli Creek Cabin south, cross Eli creek, begin ascending, turn in toward west for about 300m.","Red pine, red spruce woodland w huckleberry understory.",2023,44.038806,-68.637115,FALSE,10,0,0,15,4,13,4,"ACAD_067_BL_20230627.JPG","ACAD_067_BR_20230627.JPG","ACAD_067_UL_20230627.JPG","ACAD_067_UR_20230627.JPG"
"ACAD-068","ACAD","2","Mesic- Rolling Uplands","Parked at the end of Mill Brook rd and followed a unmaintained road, until cutting in at an azimuth of 100 for 900m. We followed the park boundary for a while.","Young birch spruce forest.  Some open areas, but not quite woodland.",2023,44.403525,-68.274559,FALSE,21,4,0,28,2,11,4,"ACAD_068_BL_20230711.JPG","ACAD_068_BR_20230711.JPG","ACAD_068_UL_20230711.JPG","ACAD_068_UR_20230711.JPG"
"ACAD-069","ACAD","2","Mesic- Moist Slopes and Coves","park on loop- head in below the swamp","Spruce, with lots of baby spruce in an open understory.",2023,44.356855,-68.070786,FALSE,14,1,0,44,4,12,3,"ACAD_069_BL_20230710.JPG","ACAD_069_BR_20230710.JPG","ACAD_069_UL_20230710.JPG","ACAD_069_UR_20230710.JPG"
"ACAD-070","ACAD","2","Mesic- Rolling Uplands","From Schdic head access rd., park at the power line cut and walk in about 200 m.  Then turn west and bushwack about 100m to plot.","Red spruce forest with huckleberry understory.",2023,44.350565,-68.065641,FALSE,13,1,0,13,0,16,7,"ACAD_070_BL_20230710.JPG","ACAD_070_BR_20230710.JPG","ACAD_070_UL_20230710.JPG","ACAD_070_UR_20230710.JPG"
"ACAD-071","ACAD","2","Mesic- Flatwoods","Parking at the Mill Field Parking Lot, walk down the road and head in at about 50m."," Poplar-spruce overstory,cedar-spruce understory.",2023,44.294713,-68.361614,FALSE,26,2,0,6,13,9,7,"ACAD_071_BL_20230621.JPG","ACAD_071_BR_20230621.JPG","ACAD_071_UL_20230621.JPG","ACAD_071_UR_20230621.JPG"
"ACAD-072","ACAD","2","Mesic- Floodplains/Bottomlands","walk in on Hio rd, plot approximately 530 m from rd","Spruce, carpet moss. Newly down trees criss-cross the plot.",2023,44.249429,-68.330352,FALSE,18,3,0,31,9,17,2,"ACAD_072_BL_20230626.JPG","ACAD_072_BR_20230626.JPG","ACAD_072_UL_20230626.JPG","ACAD_072_UR_20230626.JPG"
"ACAD-073","ACAD","2","Mesic- Moist Slopes and Coves","go due north from road that parallels seal cove road for 450m","Red spruce, red maple forest.",2023,44.288576,-68.368562,FALSE,14,1,0,21,3,12,6,"ACAD_073_BL_20230620.JPG","ACAD_073_BR_20230620.JPG","ACAD_073_UL_20230620.JPG","ACAD_073_UR_20230620.JPG"
"ACAD-074","ACAD","2","Mesic- Rolling Uplands","parked at eagle lake carriage trail parking lot and followed the aunt betty pond carriage trail until 70m were left - and then turned in.","White pine - spruce, stem exclusion phase.  Changed orientation from 270 to 265 on 6/23/15",2023,44.370537,-68.256102,FALSE,38,9,0,0,0,4,2,"ACAD_074_BL_20230707.JPG","ACAD_074_BR_20230707.JPG","ACAD_074_UL_20230707.JPG","ACAD_074_UR_20230707.JPG"
"ACAD-075","ACAD","2","Mesic- Moist Slopes and Coves","Drive up Breakneck Carriage rd then walk across beaver dam in between the upper and lower breakneck ponds. Then bushwack to plot (about 750m total). There is an old rd that you can follow most of the way there.","Dense and sprucy.",2023,44.387779,-68.264709,FALSE,20,3,0,9,7,11,2,"ACAD_075_BL_20230711.JPG","ACAD_075_BR_20230711.JPG","ACAD_075_UL_20230711.JPG","ACAD_075_UR_20230711.JPG"
"ACAD-076","ACAD","2","Mesic- Moist Slopes and Coves","Park on Western Mtn. road and hike south about 350m to plot through spruce thickets and mossy glens.","Spruce forest overtaking tall big-toothed aspen.",2023,44.282551,-68.376434,FALSE,16,1,0,25,2,12,8,"ACAD_076_BL_20230620.JPG","ACAD_076_BR_20230620.JPG","ACAD_076_UL_20230620.JPG","ACAD_076_UR_20230620.JPG"
"ACAD-077","ACAD","2","Mesic- Rolling Uplands","Parked on loop road and followed gorge path, turned in at 80m remaining.","aspen-birch forest, open understory.. 

6/23/2015: Orientation changed from 270 to 255. All stakes were way out of tolerance by roughly +15 degrees.",2023,44.362597,-68.222331,FALSE,28,5,0,1,5,6,2,"ACAD_077_BL_20230707.JPG","ACAD_077_BR_20230707.JPG","ACAD_077_UL_20230707.JPG","ACAD_077_UR_20230707.JPG"
"ACAD-078","ACAD","2","Xeric- Dry Slopes","Ask permission to park in Miller Garden's old driveway. Very nice older couple w/ forestry degrees. Then walk short way north along road back to the park boundary. Cut in up gentle slope through relatively open oak. Stay south of plot to avoid steep treacherous rocky slope until 100m from plot. Approach by following slope contours for easiest way.","Lots of little gray birch, some maple and aspen - BR stake offset 0.3m towards bottom left corner.",2023,44.332888,-68.196408,FALSE,18,4,0,12,24,11,14,"ACAD_078_BL_20230706.JPG","ACAD_078_BR_20230706.JPG","ACAD_078_UL_20230706.JPG","ACAD_078_UR_20230706.JPG"
"ACAD-079","ACAD","2","Mesic- Rolling Uplands","Park at Parkman Mnt. Lot, take Hadlock brook trail to Sargent south ridge trail- plot only 30m from trail","Spruce, right near top of mountain.",2023,44.333329,-68.271662,FALSE,14,13,0,22,4,9,10,"ACAD_079_BL_20230705.JPG","ACAD_079_BR_20230705.JPG","ACAD_079_UL_20230705.JPG","ACAD_079_UR_20230705.JPG"
"ACAD-080","ACAD","2","Xeric- Dry Slopes","start at parking lot for long pond fire rd, 800m from road- best to GPS car. 2015 - Much easier bushwack if you park at pine hill parking and walk along ridge instead of walking along steep cliffy hillside on lake's edge.","Fairly open spruce-pine overstrory, huckleberry understory; 
BL stake offset at 9.9 m from plot center along the 298* azimuth from plot center.
Reset UC",2023,44.321561,-68.394719,FALSE,12,3,0,7,2,9,4,"ACAD_080_BL_20230622.JPG","ACAD_080_BR_20230622.JPG","ACAD_080_UL_20230622.JPG","ACAD_080_UR_20230622.JPG"
"ACAD-081","ACAD","3","Xeric- Dry Slopes","Off of 233","Dry southern mixedwood slope with dense understory.",2024,44.380022,-68.248512,FALSE,14,8,0,14,3,10,9,"ACAD_081_BL_20240620.JPG","ACAD_081_BR_20240620.JPG","ACAD_081_UL_20240620.JPG","ACAD_081_UR_20240620.JPG"
"ACAD-082","ACAD","3","Mesic- Moist Slopes and Coves","Parked on Duckbrook road,and paced 100 meters","Northeast facing rocky hardwood slope.  Japanese barberry, exotic honeysuckle, and possibly rosa multiflora present in plot.",2024,44.390736,-68.227031,FALSE,21,2,0.1,4,4,30,27,"ACAD_082_BL_20240620.JPG","ACAD_082_BR_20240620.JPG","ACAD_082_UL_20240620.JPG","ACAD_082_UR_20240620.JPG"
"ACAD-083","ACAD","3","Mesic- Flatwoods","Park at Lakewood ledges parking area.  Walk 50m north.","Mixed conifer & hardwood, minimal understory, lots of ants 2012.  Metal fence going through plot.  Ant hill in bottom right corner.  Don't dig for the rebar, detector should find it if the stake has since disappeared. 2016. 2021- Red ants were no longer present.",2024,44.41291,-68.269444,FALSE,13,4,0,1,2,10,10,"ACAD_083_BL_20240627.JPG","ACAD_083_BR_20240627.JPG","ACAD_083_UL_20240627.JPG","ACAD_083_UR_20240627.JPG"
"ACAD-084","ACAD","3","Mesic- Flatwoods","Using Lakewood Rd, access the social trail towards the pond from a grassy pull-out on the left. Then skirt the lake/pond along the east side towards the southern end. Turn up a old, abandoned road to approach the plot.","Oaks, maples, pine, spruce on a ridge",2024,44.405071,-68.265673,FALSE,22,10,0,0,0,4,8,"ACAD_084_BL_20240627.JPG","ACAD_084_BR_20240627.JPG","ACAD_084_UL_20240627.JPG","ACAD_084_UR_20240627.JPG"
"ACAD-085","ACAD","3","Xeric- Dry Slopes","Park @ Sand Beach Parking Lot.  Hike up Beehive Trail.","Open understory, small boulderfield, birch/red maple stand.",2024,44.331196,-68.187601,FALSE,28,1,0,18,8,14,10,"ACAD_085_BL_20240625.JPG","ACAD_085_BR_20240625.JPG","ACAD_085_UL_20240625.JPG","ACAD_085_UR_20240625.JPG"
"ACAD-086","ACAD","3","Xeric- Dry Slopes","park on otter cliffs rd. and hike up slope.
Noticed a well used social trail about 5m away from east side of plot, took it down to the road.","Thin soil and rock slope. Betula pop & pap.  Vaccinium angustifolium in fruit along the way!! Stand mostly open grown woodland.",2024,44.334409,-68.197617,FALSE,11,1,0,45,15,16,11,"ACAD_086_BL_20240625.JPG","ACAD_086_BR_20240625.JPG","ACAD_086_UL_20240625.JPG","ACAD_086_UR_20240625.JPG"
"ACAD-087","ACAD","3","Mesic- Flatwoods","Park on Park Loop Rd. before Sand Beach parking.","Trees tagged starting in bottom right.  Big tooth aspen stand.  Many large boulders right outside of plot. Trees tagged starting in bottom right.",2024,44.337462,-68.185056,FALSE,20,6,0,6,6,18,11,"ACAD_087_BL_20240625.JPG","ACAD_087_BR_20240625.JPG","ACAD_087_UL_20240625.JPG","ACAD_087_UR_20240625.JPG"
"ACAD-088","ACAD","3","Mesic- Flatwoods","Park at lower Hadlock pond, walk North on trail by the edge of the pond, (you should pass Digby lodge on your right) until ~65m from plot, and bush whack remaining 65m.","Center in small bowl and clearing.  Down slope= +6. Likely vernal pool in plot center/bottom though dry in 2016.",2024,44.311666,-68.286964,FALSE,29,2,0,0,3,5,11,"ACAD_088_BL_20240709.JPG","ACAD_088_BR_20240709.JPG","ACAD_088_UL_20240709.JPG","ACAD_088_UR_20240709.JPG"
"ACAD-089","ACAD","3","Xeric- Dry Slopes","park on rt. 3, hike upslope 300 meters. Take social trail up to carriage road; trailhead located just south of house across road from driveway.","Rocky mound on rocky hill - spruce.",2024,44.339755,-68.2942,FALSE,15,0,0,8,1,8,10,"ACAD_089_BL_20240709.JPG","ACAD_089_BR_20240709.JPG","ACAD_089_UL_20240709.JPG","ACAD_089_UR_20240709.JPG"
"ACAD-090","ACAD","3","Xeric- Dry Slopes","150 m up Duck Mt. Trail","Leaf loss may be caused by dwarf mistletoe-some brooms present. Steep slope, some rock talus through right side of plot.",2024,44.026394,-68.649807,FALSE,17,3,0,11,9,5,3,"ACAD_090_BL_20240701.JPG","ACAD_090_BR_20240701.JPG","ACAD_090_UL_20240701.JPG","ACAD_090_UR_20240701.JPG"
"ACAD-091","ACAD","4","Mesic- Moist Slopes and Coves","Duck harbor trail to cut in. 170m in from trail (about 290 degrees in when the distance starts to count up.","Spruce stand on edge of pitch pine woodland.  Aspect data was not collected.  2013: visited after heavy storm, vernal pool surounding plot center. Boots were very useful.",2025,44.03257,-68.649658,FALSE,19,2,0,1,10,7,7,"ACAD_091_BL_20250701.JPG","ACAD_091_BR_20250701.JPG","ACAD_091_UL_20250701.JPG","ACAD_091_UR_20250701.JPG"
"ACAD-092","ACAD","3","Xeric- Dry Slopes","Park at gate off of Breakneck Rd. Follow trail and logging road vearing right.","East-facing spruce-oak slope",2024,44.400359,-68.259479,FALSE,19,1,0,1,4,7,4,"ACAD_092_BL_20240627.JPG","ACAD_092_BR_20240627.JPG","ACAD_092_UL_20240627.JPG","ACAD_092_UR_20240627.JPG"
"ACAD-093","ACAD","3","Xeric- Dry Slopes","Walked Aunt Betty Pond carriage trail from HQ employee trail.  Took a right at intersection and headed in 230 m from road.","Oak red maple forest on rocky slope with Kalmia angustifolia and Vaccinium angustifolium understory. Yellow jacket hive still on plot but now in fallen log near Tree 3.",2024,44.36614,-68.275045,FALSE,11,0,0,14,5,13,5,"ACAD_093_BL_20240624.JPG","ACAD_093_BR_20240624.JPG","ACAD_093_UL_20240624.JPG","ACAD_093_UR_20240624.JPG"
"ACAD-094","ACAD","3","Xeric- Dry Slopes","Walked Eagle Lake Carriage Road from ACAD HQ employee trail.","Plot center stake is leaning.  Base of the stake is true plot center.  Upper center is at tip of stake (30cm past where true UC is located at 350 degrees.)  Upper left offset 10.47m, 316.3 degrees from plot center, instead of 10.61 at 315 degrees.  Paint marked an X on the rock where true upper left is.. Red spruce/white pine woodland with large rocky outcrop in plot.  Determined to be >25% cover of tree species. 2016 - no center stake found. Reset center as best we could, bent rebar and short white fiberglass stake at center.",2024,44.367592,-68.258749,FALSE,10,1,0,9,3,9,7,"ACAD_094_BL_20240620.JPG","ACAD_094_BR_20240620.JPG","ACAD_094_UL_20240620.JPG","ACAD_094_UR_20240620.JPG"
"ACAD-095","ACAD","3","Hydric- Swamps/Bogs","parked at wonderland trail and walked through dense nemopanthus for ~20m then through bog.  Plot is at edge of open bog in dense spruce.","Stunted black spruce bog- very dense understory (spruce), but few trees over 10cm dbh.",2024,44.235387,-68.321646,FALSE,5,0,0,3,80,17,2,"ACAD_095_BL_20240618.JPG","ACAD_095_BR_20240618.JPG","ACAD_095_UL_20240618.JPG","ACAD_095_UR_20240618.JPG"
"ACAD-096","ACAD","3","Xeric- Dry Slopes","Parked at bald mountain parking area, and hiked 230m west.","Rocky slope with red spruce and paper birch forest. 2021- changed orientation from 50 to 46",2024,44.287324,-68.389945,FALSE,27,2,0,18,6,12,16,"ACAD_096_BL_20240619.JPG","ACAD_096_BR_20240619.JPG","ACAD_096_UL_20240619.JPG","ACAD_096_UR_20240619.JPG"
"ACAD-097","ACAD","3","Mesic- Flatwoods","Follow Nat. Merchant trail <1km","Perrenial stream located just outside of plot. Dense spruce thicket with sparse understory plants.",2024,44.032517,-68.627257,FALSE,46,2,0,0,19,2,3,"ACAD_097_BL_20240703.JPG","ACAD_097_BR_20240703.JPG","ACAD_097_UL_20240703.JPG","ACAD_097_UR_20240703.JPG"
"ACAD-098","ACAD","2","Mesic- Moist Slopes and Coves","Just off the median ridge trail. Take Long pond trail or nat merchant to intersect.","Missing Physiographic class data, A. Vincello, 5/13/2009.",2023,44.040336,-68.628494,FALSE,22,6,0,14,1,14,6,"ACAD_098_BL_20230627.JPG","ACAD_098_BR_20230627.JPG","ACAD_098_UL_20230627.JPG","ACAD_098_UR_20230627.JPG"
"ACAD-099","ACAD","3","Mesic- Moist Slopes and Coves","IAH: Hike Bowditch Trail to top of Jerusalem Mountain and bushwhack 250m downhill on East Side.","UL Regen located at 4m and 312 degrees instead of 315 because of a large spruce in way.  Spruce slope with blowdowns.",2024,44.049729,-68.620908,FALSE,9,6,0,24,2,7,11,"ACAD_099_BL_20240702.JPG","ACAD_099_BR_20240702.JPG","ACAD_099_UL_20240702.JPG","ACAD_099_UR_20240702.JPG"
"ACAD-100","ACAD","3","Mesic- Moist Slopes and Coves","IAH: Hike up Bowditch trail, and cut into woods 150m.","Half of plot has steep slope, other half is a bench.",2024,44.054377,-68.627183,FALSE,19,6,0,0,4,9,8,"ACAD_100_BL_20240702.JPG","ACAD_100_BR_20240702.JPG","ACAD_100_UL_20240702.JPG","ACAD_100_UR_20240702.JPG"
"ACAD-101","ACAD","3","Mesic- Moist Slopes and Coves","Canoe about 1 km (as crowflies) south down Bass Harbor Marsh. Put in canoe at either bridge in Tremont. Best to go at mid-tide (worked well w/ 4:30am high tide).","Lots of mosquitos. Heavy spruce understory.",2024,44.262042,-68.342687,FALSE,35,1,0,0,10,4,4,"ACAD_101_BL_20240708.JPG","ACAD_101_BR_20240708.JPG","ACAD_101_UL_20240708.JPG","ACAD_101_UR_20240708.JPG"
"ACAD-102","ACAD","3","Hydric- Swamps/Bogs","short canoe trip up buttermilk creek. Put in canoe at either bridge in Tremont. Best to go at mid-tide (worked well w/ 4:30am high tide).","Very moist organic soil - sphagnum moss covers the plot. Maples and spruces.",2024,44.268329,-68.352603,FALSE,18,19,0.1,64,3,26,4,"ACAD_102_BL_20240708.JPG","ACAD_102_BR_20240708.JPG","ACAD_102_UL_20240708.JPG","ACAD_102_UR_20240708.JPG"
"ACAD-103","ACAD","3","Mesic- Moist Slopes and Coves","Just off of 102","Pole-sized red spruce/balsam fir stand, mossy understory with regenerating fir; orientation reset from 360 because stakes were consistently short by 7-8 degrees",2024,44.34959,-68.376916,FALSE,7,10,0,25,8,3,8,"ACAD_103_BL_20240619.JPG","ACAD_103_BR_20240619.JPG","ACAD_103_UL_20240619.JPG","ACAD_103_UR_20240619.JPG"
"ACAD-104","ACAD","3","Hydric- Swamps/Bogs","off of access road near Pretty Marsh. Walk in along west side of wetland and then cut in when perpendicular to plot.","Cedar/black spruce swamp with sphagnum, fern understory. Orientation changed from 360 to 2. Knee boots recommended.",2024,44.332501,-68.388273,FALSE,26,7,0,2,5,35,10,"ACAD_104_BL_20240618.JPG","ACAD_104_BR_20240618.JPG","ACAD_104_UL_20240618.JPG","ACAD_104_UR_20240618.JPG"
"ACAD-105","ACAD","3","Mesic- Moist Slopes and Coves","Park at pullout perpendicular to plot, about 250 meters from the plot. Hike towards plot and cross stream which was wet but passable. Boots if wet year.","Moist moss covered spruce slope.",2024,44.323075,-68.383329,FALSE,15,6,0,212,4,17,2,"ACAD_105_BL_20240618.JPG","ACAD_105_BR_20240618.JPG","ACAD_105_UL_20240618.JPG","ACAD_105_UR_20240618.JPG"
"ACAD-106","ACAD","3","Xeric- Dry Slopes","Off Bald Mt. trail about 200m","Exposed slope woodland with southwest aspect. Mixed forest type.",2024,44.295096,-68.388699,FALSE,11,1,0,1,1,16,6,"ACAD_106_BL_20240617.JPG","ACAD_106_BR_20240617.JPG","ACAD_106_UL_20240617.JPG","ACAD_106_UR_20240617.JPG"
"ACAD-107","ACAD","3","Mesic- Moist Slopes and Coves","Park at AcadiaMtn parking, take (walk) Man O War fire road to Valley Peak trail.","NW  softwood slope w  spruce and fir regen. BR stake is offset at 312 degrees due to rock (set in 2012). Spray painted true location but don't think it will last since on moss.",2024,44.315021,-68.322033,FALSE,19,6,0,40,12,10,6,"ACAD_107_BL_20240702.JPG","ACAD_107_BR_20240702.JPG","ACAD_107_UL_20240702.JPG","ACAD_107_UR_20240702.JPG"
"ACAD-108","ACAD","3","Mesic- Flatwoods","Take Seal Cove Road to Western Mt. Road","Spruce (hybrid?) stand with mossy understory. Changed orientation from 360 to 356 - 2021.",2024,44.280907,-68.362453,FALSE,17,6,0,57,17,8,5,"ACAD_108_BL_20240617.JPG","ACAD_108_BR_20240617.JPG","ACAD_108_UL_20240617.JPG","ACAD_108_UR_20240617.JPG"
"ACAD-109","ACAD","3","Mesic- Moist Slopes and Coves","Park on park loop road next to the day mountain loop carraige road connector, then hike about 600m using day mt trail to plot.","Spruce stand on ledgey top of Day Mt. UL microplot and UC stakes flush with the ground. ML offset at 6.7m and 94.2 degrees, but correct location marked with green spray paint X.",2024,44.311281,-68.231849,FALSE,14,3,0,22,1,12,6,"ACAD_109_BL_20240626.JPG","ACAD_109_BR_20240626.JPG","ACAD_109_UL_20240626.JPG","ACAD_109_UR_20240626.JPG"
"ACAD-110","ACAD","3","Mesic- Moist Slopes and Coves","To avoid driving a carriage road, park at bubble pond carriage road entrance (inside gate). Take trail shortcut to bubble pond carriage road. Walk 2k to bubble pond trailhead, take trail to Canon Brook. Take old road bed when about 250m from plot. Follow old road until 25m till plot.","Mixed hardwood/spruce slope.",2024,44.333058,-68.23159,FALSE,18,0,0,14,26,6,6,"ACAD_110_BL_20240701.JPG","ACAD_110_BR_20240701.JPG","ACAD_110_UL_20240701.JPG","ACAD_110_UR_20240701.JPG"
"ACAD-111","ACAD","3","Xeric- Dry Slopes","Took hemlock trail to Dorr North Ridge Trail.  Plot is ~100m east of trail","MR and BR stakes are pretty loose because the soil is very thin.  Sampled witness tree for BR. Pitch pine woodland on rocky slope on northeast face of Dorr mountain",2024,44.361087,-68.216101,FALSE,40,0,0,1,9,18,12,"ACAD_111_BL_20240625.JPG","ACAD_111_BR_20240625.JPG","ACAD_111_UL_20240625.JPG","ACAD_111_UR_20240625.JPG"
"ACAD-112","ACAD","3","Xeric- Dry Tops","Off Cadillac North Ridge trail","Mixed hardwood rocky east facing slope.",2024,44.373614,-68.228574,FALSE,12,4,0,18,4,17,3,"ACAD_112_BL_20240709.JPG","ACAD_112_BR_20240709.JPG","ACAD_112_UL_20240709.JPG","ACAD_112_UR_20240709.JPG"
"ACAD-113","ACAD","3","Mesic- Moist Slopes and Coves","park at western mt. trailhead and walk 1 km up trail. Bushwack 700 m SW.","Dense spruce regen on slope interspersed with white cedar.",2024,44.306009,-68.377302,FALSE,16,3,0,5,16,8,10,"ACAD_113_BL_20240619.JPG","ACAD_113_BR_20240619.JPG","ACAD_113_UL_20240619.JPG","ACAD_113_UR_20240619.JPG"
"ACAD-114","ACAD","3","Mesic- Moist Slopes and Coves","take western mt. trail about 1.5 km","Cedar slope with few rocks.",2024,44.308938,-68.36472,FALSE,32,1,0,8,0,5,8,"ACAD_114_BL_20240619.JPG","ACAD_114_BR_20240619.JPG","ACAD_114_UL_20240619.JPG","ACAD_114_UR_20240619.JPG"
"ACAD-115","ACAD","3","Mesic- Moist Slopes and Coves","park on Rt. 3 btwn high school and HQ. Enter woods on south side of road and walk 450 m at 130 degrees. 2012.  Bring boots if it has been a wet year.  Multiple dense sphagnum bowls along the way.  Boots were not necessary in 2016. 2016.","Rocky woods mix conifer/hardwood",2024,44.372457,-68.287519,FALSE,18,1,0,2,2,7,5,"ACAD_115_BL_20240624.JPG","ACAD_115_BR_20240624.JPG","ACAD_115_UL_20240624.JPG","ACAD_115_UR_20240624.JPG"
"ACAD-116","ACAD","3","Mesic- Floodplains/Bottomlands","down hadlock trail from carriage road 250 meters. Plot on left.","Slope down to perrenial stream, mixed hardwood. Changed orientation from 335 to 330. BR stake is painted on a rock and in stream.",2024,44.3288,-68.282868,FALSE,13,0,0,39,3,10,16,"ACAD_116_BL_20240626.JPG","ACAD_116_BR_20240626.JPG","ACAD_116_UL_20240626.JPG","ACAD_116_UR_20240626.JPG"
"ACAD-117","ACAD","3","Xeric- Dry Tops","Drive up Cadilac Summit Rd. Walk 30 m from road down slope.","Near summit of Cadilac Mt. Rocky top with stunted woodland. Trail runs through bottom of plot.

Plot center approximately 0.5 m from circluar green paint mark on granite, UR Micro indicated by green 'X' mark, MR staked with a very short white stake in trail (but no rebar) approximately 30cm from blue trail blaze. UC, UR, BC, ML, UL, UL micro have  white stakes and rebar, but BR, BL, UR micro, BC micro do not (paint marks or trail blazes instead). BC Micro signified with a white paint mark near cairn. BL is signified with a green paint mark.",2024,44.348614,-68.228777,TRUE,8,0,0,1,16,20,11,"ACAD_117_BL_20240625.JPG","ACAD_117_BR_20240625.JPG","ACAD_117_UL_20240625.JPG","ACAD_117_UR_20240625.JPG"
"ACAD-118","ACAD","3","Mesic- Moist Slopes and Coves","hike up maple spring trail 180 m. Up giant slide trail a few meters, plot on left.","Upslope from small ravine. Large boulder at upper center. Mixed conifer and hardwood.  Trail  runs through east side of plot (right over MR Quad).",2024,44.333483,-68.281682,FALSE,20,1,0,7,5,8,7,"ACAD_118_BL_20240626.JPG","ACAD_118_BR_20240626.JPG","ACAD_118_UL_20240626.JPG","ACAD_118_UR_20240626.JPG"
"ACAD-119","ACAD","3","Mesic- Floodplains/Bottomlands","Drve up Hio Rd from Seawall - 120m from road","Wet bottomland with sphagnum and skunk cabbage - mixed conifer hardwood.  Changed orientation from 360 to 6 degrees. 2016.",2024,44.25571,-68.325208,FALSE,33,2,0,10,12,14,11,"ACAD_119_BL_20240702.JPG","ACAD_119_BR_20240702.JPG","ACAD_119_UL_20240702.JPG","ACAD_119_UR_20240702.JPG"
"ACAD-120","ACAD","3","Mesic- Flatwoods","take wonderland trail - plot is about 170m  SW from trail","Not far from coast. Mesic area boardered by dry slopes. 2012- Changed orientation from 54 to 67. 2016-- We changed orientation to 56. 2021 - confirmed orientation is 56. Was 67 in the database.",2024,44.232249,-68.31174,FALSE,9,4,0,3,3,20,5,"ACAD_120_BL_20240618.JPG","ACAD_120_BR_20240618.JPG","ACAD_120_UL_20240618.JPG","ACAD_120_UR_20240618.JPG"
"ACAD-121","ACAD","3","Xeric- Dry Slopes","Off of Eagle Lake Trail from carriage road","Dry, open SW slope, mixed conifer and hardwood.",2024,44.358222,-68.256283,FALSE,18,0,0,13,12,20,8,"ACAD_121_BL_20240624.JPG","ACAD_121_BR_20240624.JPG","ACAD_121_UL_20240624.JPG","ACAD_121_UR_20240624.JPG"
"ACAD-122","ACAD","3","Mesic- Moist Slopes and Coves","Take hiking trail off of Seal Cove roads","East facing softwood/maple forest with striped maple in understory.",2024,44.294982,-68.366099,FALSE,26,7,0,28,10,8,8,"ACAD_122_BL_20240617.JPG","ACAD_122_BR_20240617.JPG","ACAD_122_UL_20240617.JPG","ACAD_122_UR_20240617.JPG"
"ACAD-123","ACAD","3","Mesic- Floodplains/Bottomlands","park on carrige rd south of aunt betty pond and hike 400 meters east to plot.","Spruce forest on edge of wet field.",2024,44.361341,-68.263735,FALSE,23,4,0,4,3,10,15,"ACAD_123_BL_20240624.JPG","ACAD_123_BR_20240624.JPG","ACAD_123_UL_20240624.JPG","ACAD_123_UR_20240624.JPG"
"ACAD-124","ACAD","3","Mesic- Flatwoods","Park on carrige road and hike 75 meters down trail.","MR in middle of trail, so offset to 6.5 and 248 degrees. - This is the inner middle edge of the quad. BC was previously offset, but offset was in the middle of the trail (???). Now at 338 degrees and 7.5 m at edge of trail. Only rebar at BC. BL is at edge of trail and only about 1cm above ground. UR micro under large Betula papyifera CWD. Only rebar at B micro.

Open understory, large old conifers.  Trail and steep slope at bottom of plot.",2024,44.311503,-68.267004,FALSE,13,0,0,10,5,7,5,"ACAD_124_BL_20240626.JPG","ACAD_124_BR_20240626.JPG","ACAD_124_UL_20240626.JPG","ACAD_124_UR_20240626.JPG"
"ACAD-125","ACAD","3","Mesic- Flatwoods","park in pulloff next to bridge on seal cove road. Walk 25 ish m west on road until you see large rock and old road on the left. Follow old road most of the way to the plot.","Spruce canopy with some gaps. Lots of fir regen, moss groundcover. Orientation changed from 360 to 3 - 2021",2024,44.274724,-68.36762,FALSE,20,1,0,153,9,5,8,"ACAD_125_BL_20240617.JPG","ACAD_125_BR_20240617.JPG","ACAD_125_UL_20240617.JPG","ACAD_125_UR_20240617.JPG"
"ACAD-126","ACAD","3","Mesic- Moist Slopes and Coves","Off of Eagle Lake carriage roads","Young birch stand on northern slope. Dense herb layer.",2024,44.352117,-68.271379,FALSE,10,2,0,39,20,25,12,"ACAD_126_BL_20240624.JPG","ACAD_126_BR_20240624.JPG","ACAD_126_UL_20240624.JPG","ACAD_126_UR_20240624.JPG"
"ACAD-127","ACAD","4","Mesic- Rolling Uplands","Park at Ealge Lake parking lot and walk along E carriage trail.","Picea rubens dominated with declining Populus grandidentata.",2025,44.367521,-68.24369,FALSE,22,1,0,2,9,9,7,"ACAD_127_BL_20250626.JPG","ACAD_127_BR_20250626.JPG","ACAD_127_UL_20250626.JPG","ACAD_127_UR_20250626.JPG"
"ACAD-128","ACAD","4","Mesic- Rolling Uplands","Park at entrance to water tower road on Duck Brook Road. Bushwhack about 500m uphill.","Young Betula papyrifera and B. populifolia stand with Vaccinium angustifolium and Kalmia angustifolia groundlayer.",2025,44.387682,-68.232055,FALSE,14,2,0,11,9,16,10,"ACAD_128_BL_20250623.JPG","ACAD_128_BR_20250623.JPG","ACAD_128_UL_20250623.JPG","ACAD_128_UR_20250623.JPG"
"ACAD-129","ACAD","4","Mesic- Rolling Uplands","Park on Park Loop Road between Visitor Center and 1st parking area on road. Hike upslope 50m at 200 degrees.","Open spruce, pine, ash canopy with heavy bryophyte cover on floor.",2025,44.408038,-68.243042,FALSE,14,2,0,10,3,12,9,"ACAD_129_BL_20250624.JPG","ACAD_129_BR_20250624.JPG","ACAD_129_UL_20250624.JPG","ACAD_129_UR_20250624.JPG"
"ACAD-130","ACAD","4","Hydric- Swamps/Bogs","Park at Bubble Pond parking lot and walk towards Eagle Lake on carriage trail. Enter woods at 100 degrees for 100m.","White cedar, sphagnum and fern wetland. Plot center is located in swampy area. Boots recommended, necessary in wet year.  Changed orientation of plot to 10 deg.  Was 360 before.",2025,44.355034,-68.243775,FALSE,25,7,0,3,0,18,17,"ACAD_130_BL_20250626.JPG","ACAD_130_BR_20250626.JPG","ACAD_130_UL_20250626.JPG","ACAD_130_UR_20250626.JPG"
"ACAD-131","ACAD","4","Hydric- Swamps/Bogs","Hike along Eagle Lake Carriage Road (West Side). Plot is ~300m from trail.  On edge of shrub/ Sphagnum bog.","If dewy or wet conditions or after rain bring boots",2025,44.361388,-68.261287,FALSE,15,0,0,2,4,10,9,"ACAD_131_BL_20250626.JPG","ACAD_131_BR_20250626.JPG","ACAD_131_UL_20250626.JPG","ACAD_131_UR_20250626.JPG"
"ACAD-132","ACAD","4","Mesic- Moist Slopes and Coves","Park along road and walk 650m south.","Fir and birch mixed stand with little growth in understory.",2025,44.369346,-68.292514,FALSE,22,5,0,11,3,10,8,"ACAD_132_BL_20250623.JPG","ACAD_132_BR_20250623.JPG","ACAD_132_UL_20250623.JPG","ACAD_132_UR_20250623.JPG"
"ACAD-133","ACAD","4","Hydric- Swamps/Bogs","Park on Rte. 3 in pull out at S&H lane (private. Walk road until electrical pole P101 then take the trail that starts there.  Hike 600m on trail and cut into plot when 100m away/.","Moist conifer forest with Sphagnum mound forest floor. 2013- changed orientation from 360 to 2 degrees. Rubber boots recommended.",2025,44.36955,-68.312594,FALSE,38,7,0,9,2,11,14,"ACAD_133_BL_20250623.JPG","ACAD_133_BR_20250623.JPG","ACAD_133_UL_20250623.JPG","ACAD_133_UR_20250623.JPG"
"ACAD-134","ACAD","4","Xeric- Dry Slopes","Hike up Beehive Mountain. About 500m to plot from Bowl Pond.","Mixed birch and spruce stand with Vaccinium dominated understory. Changed orientation from 13 to 18.",2025,44.339091,-68.191318,FALSE,14,2,0,39,8,17,13,"ACAD_134_BL_20250630.JPG","ACAD_134_BR_20250630.JPG","ACAD_134_UL_20250630.JPG","ACAD_134_UR_20250630.JPG"
"ACAD-135","ACAD","4","Mesic- Moist Slopes and Coves"," Hike 400m along trail at the end of the Man O' War fire road.  Enter woods to left after crossing wooden planks.","Slightly sloping seepage with Thuja occidentalis and Abies balsamea.",2025,44.31491,-68.316969,FALSE,19,5,0,27,6,12,14,"ACAD_135_BL_20250714.JPG","ACAD_135_BR_20250714.JPG","ACAD_135_UL_20250714.JPG","ACAD_135_UR_20250714.JPG"
"ACAD-136","ACAD","4","Hydric- Swamps/Bogs","Park on Lurvey Spring Road.","Mixed deciduous/ conifer open forest with wet Sphagnum forest floor.",2025,44.304096,-68.333492,FALSE,16,3,0.1,55,11,42,14,"ACAD_136_BL_20250708.JPG","ACAD_136_BR_20250708.JPG","ACAD_136_UL_20250708.JPG","ACAD_136_UR_20250708.JPG"
"ACAD-137","ACAD","4","Mesic- Flatwoods","Seal Cove Road to Western Mountain Road. 
Plot Azimuth follows slope.","Open understory with mixed conifer and deciduous canopy.",2025,44.290256,-68.35992,FALSE,24,6,0,3,4,8,5,"ACAD_137_BL_20250707.JPG","ACAD_137_BR_20250707.JPG","ACAD_137_UL_20250707.JPG","ACAD_137_UR_20250707.JPG"
"ACAD-138","ACAD","4","Mesic- Rolling Uplands","Park on Indian Point Road. Near norhtern border of park where it intersects road. Hike 190m at 120 degrees.
UR regen stake is set at 4.2m (SD) due to tree.","Spruce dominated moist slope. Forest wirht heavy bryophyte cover.",2025,44.35275,-68.386882,FALSE,22,5,0,10,9,9,3,"ACAD_138_BL_20250715.JPG","ACAD_138_BR_20250715.JPG","ACAD_138_UL_20250715.JPG","ACAD_138_UR_20250715.JPG"
"ACAD-139","ACAD","4","Mesic- Rolling Uplands","Park on Seal Cove Road where intersects. Hike along stream on south side for 700m at 110degrees.
Plot was set up with compass and Sonin due to faulty LAR.","Sloping spruce and red maple stand with dense spruce regeneration.",2025,44.273109,-68.358966,FALSE,13,3,0,52,24,7,6,"ACAD_139_BL_20250707.JPG","ACAD_139_BR_20250707.JPG","ACAD_139_UL_20250707.JPG","ACAD_139_UR_20250707.JPG"
"ACAD-140","ACAD","4","Mesic- Rolling Uplands","Take Lurvey Spring Fire Road to carraige trail. Park by valley trail head.  Plot center is on trail.
Stakes pounded in deep due to trail.Cernter stake is missing, but rebar is pounded flush, with MIDN tree tag on fiberglass stake. All stakes/slopes set using a compass, sonin and clinometer. Witness trees not marked because they would be visible from trail.","Sloping mixed spruce hardwood stand at base of rocky cliff. Trail runs through plot.",2025,44.304186,-68.341277,FALSE,14,0,0,3,4,8,8,"ACAD_140_BL_20250708.JPG","ACAD_140_BR_20250708.JPG","ACAD_140_UL_20250708.JPG","ACAD_140_UR_20250708.JPG"
"ACAD-141","ACAD","4","Mesic- Rolling Uplands","Western Mountain Road to West Ledge Trail. Plot is ~50m north off trail.","Mature spruce stand with open understory and spruce regen. Changed plot orientation from 94 to 97 in 2013. Bring calipers to plot next time for tree 14 and 15.",2025,44.298152,-68.376131,FALSE,24,3,0,33,7,9,4,"ACAD_141_BL_20250707.JPG","ACAD_141_BR_20250707.JPG","ACAD_141_UL_20250707.JPG","ACAD_141_UR_20250707.JPG"
"ACAD-142","ACAD","4","Xeric- Dry Tops","Drive on Carriage Road from Eagle Lake entrance toward Paradise Hill. Or park at visitor center and walk on carriage roads.","Spruce forest and a slight depression with Vaccinium coryumbosum and Betula populifolia.  No Aspect because plot was flat, and oriented to true north. Vernal pool present on plot. Boots if wet.",2025,44.406436,-68.244444,FALSE,26,4,0,2,2,8,6,"ACAD_142_BL_20250701.JPG","ACAD_142_BR_20250701.JPG","ACAD_142_UL_20250701.JPG","ACAD_142_UR_20250701.JPG"
"ACAD-143","ACAD","4","Xeric- Dry Slopes","Park at Beech Hill Rd. parking lot and follow trails.
BC stake placement estimated due to tree.  BC regen stake at angle in crotch of tree base (Tree #17).","Spruce and Maple forest with limited mid-story and spruce understory.",2025,44.313493,-68.340922,FALSE,21,3,0,14,1,7,8,"ACAD_143_BL_20250714.JPG","ACAD_143_BR_20250714.JPG","ACAD_143_UL_20250714.JPG","ACAD_143_UR_20250714.JPG"
"ACAD-144","ACAD","4","Xeric- Dry Slopes","Walk in along topo line b/c thick dog hair for ~ 150m.  Drive up Cadillac until pullout before 1st hairpin turn.  Park here and walk up road ~70m until close to point.  Or park at 2nd pullout and bushwack along topolines to plot). UL stake estimated due to tree.","Dogharir stand of spruce saplings and adults.  Very thick and hard to move around. 2017- starting to thin out.",2025,44.372099,-68.232234,FALSE,46,3,0,0,15,6,7,"ACAD_144_BL_20250624.JPG","ACAD_144_BR_20250624.JPG","ACAD_144_UL_20250624.JPG","ACAD_144_UR_20250624.JPG"
"ACAD-145","ACAD","4","Mesic- Moist Slopes and Coves","Park on one-way Loop Road. Hike in 600m at 80 degrees.","Mostly spruce with some birch and moist mossy understory.",2025,44.361515,-68.069257,FALSE,17,6,0,25,11,4,8,"ACAD_145_BL_20250709.JPG","ACAD_145_BR_20250709.JPG","ACAD_145_UL_20250709.JPG","ACAD_145_UR_20250709.JPG"
"ACAD-146","ACAD","4","Xeric- Dry Slopes","Hike 140m @ 230 degrees from Loop Road. 
BL stake could not be placed or offset.  Witness trees: Tree 16 (PICRUB, drc=17.7) is 3.88m and 322degrees. Tree 17 (PICRUB, drc=12.1) is 2.65m and 1 degree from BL.","Spruce stunted woodland.  A few 1-2m drops in plot.  Ravine on left side of plot.",2025,44.349115,-68.074459,TRUE,16,10,0,6,8,17,4,"ACAD_146_BL_20250709.JPG","ACAD_146_BR_20250709.JPG","ACAD_146_UL_20250709.JPG","ACAD_146_UR_20250709.JPG"
"ACAD-147","ACAD","4","Xeric- Dry Slopes","Western Mountain Rd. Park at West Ledge trailhead. Walk up trail and cut in from up hill.","Old populus stand converting to spruce and Acer rubrum forest. UR Regen stake offset to 3m SD. 2021 - spraypainted rock at correct location",2025,44.298242,-68.386134,FALSE,17,4,0,16,2,12,6,"ACAD_147_BL_20250707.JPG","ACAD_147_BR_20250707.JPG","ACAD_147_UL_20250707.JPG","ACAD_147_UR_20250707.JPG"
"ACAD-148","ACAD","4","Mesic- Moist Slopes and Coves","Park at Jordon Pond House and walk in on trail.","Dense spruce and white pine thicket with many trees <10cm dbh.",2025,44.319261,-68.255433,FALSE,23,2,0,5,10,5,5,"ACAD_148_BL_20250701.JPG","ACAD_148_BR_20250701.JPG","ACAD_148_UL_20250701.JPG","ACAD_148_UR_20250701.JPG"
"ACAD-149","ACAD","4","Mesic- Rolling Uplands","Walked around west side of Lakewood about 1.3 km. Park at Lake Wood Parking Lot.  Easiest way from Lake Wood Parking lot is East side, and follow social trails near shore.","Overstory of spruce and POPGRA.  Moderate dense spruce understory and several super canopy white pine. 2013-changed orientation to 60 from 58.",2025,44.40202,-68.265762,FALSE,25,2,0,3,10,6,4,"ACAD_149_BL_20250624.JPG","ACAD_149_BR_20250624.JPG","ACAD_149_UL_20250624.JPG","ACAD_149_UR_20250624.JPG"
"ACAD-150","ACAD","4","Xeric- Dry Slopes","Park at Lake Wood parking lot.  Cam from plot 149 along East side of lake (~700m)
UL stake is offset 1m downslope in quadrat BL corner. UR stake is offset 1m towards UC in quadrat UL corner.  UL corner offset at 201 deg.(from true north) at 9.9m away.  ML and BR stakes parallel to ground.","Mixed evergreen and deciduous tree woodland with rock outcrops and Gaylussacia baccata. Reset orientation to 162 deg.(2013), was 164.",2025,44.409715,-68.266884,FALSE,13,0,0,4,11,10,7,"ACAD_150_BL_20250624.JPG","ACAD_150_BR_20250624.JPG","ACAD_150_UL_20250624.JPG","ACAD_150_UR_20250624.JPG"
"ACAD-151","ACAD","4","Mesic- Moist Slopes and Coves","Drive to Blackwoods campground. Follow loop A.  Park on service road, hike iin 90m to plot.
UR stake is loose due to soil conditions. MR stake is offsetat 8.2 m, 347 degrees. BC, UR Regen, and Plot Center stakes were installed at an angle.","Red spruce with balsam fir saplings in regeneration. Rocky with a lot fo moss cover.",2025,44.306375,-68.203051,FALSE,29,10,0,23,6,7,12,"ACAD_151_BL_20250625.JPG","ACAD_151_BR_20250625.JPG","ACAD_151_UL_20250625.JPG","ACAD_151_UR_20250625.JPG"
"ACAD-152","ACAD","4","Xeric- Dry Tops","Park on Schooner Head Road.","Red oak, white pine forest on rocky hilltop. Rock wall and old road running through plot.
Reset orientation from 179 to 177 deg. (2013)",2025,44.362334,-68.184674,FALSE,23,1,0,0,0,19,6,"ACAD_152_BL_20250624.JPG","ACAD_152_BR_20250624.JPG","ACAD_152_UL_20250624.JPG","ACAD_152_UR_20250624.JPG"
"ACAD-153","ACAD","4","Xeric- Dry Slopes","Park on Route 3 south of Dorr Mountain Trail Head.","Blueberry barren with red maple woodland. Bedrock outcrops.  There are temporary streams running throughout the plot.
Most stakes are either off-set or paint-marked in the bedrock.  Stakes that were installed correctly were Plot Center,  UL, UC, BC, UL Regen, and UR regen.  Stakes that were paint marked in bedrock were MR, BR, B regen, and ML.",2025,44.343843,-68.20001,FALSE,6,2,0,7,3,17,12,"ACAD_153_BL_20250715.JPG","ACAD_153_BR_20250715.JPG","ACAD_153_UL_20250715.JPG","ACAD_153_UR_20250715.JPG"
"ACAD-154","ACAD","4","Hydric- Swamps/Bogs","Park near Pretty Marsh Restroom and hike in.","Cedar and spruce overstory with fern midstory and Sphagnum gound layer.  Orientation was at 180 deg in 2009, changed to 358 in 2013.",2025,44.332522,-68.405845,FALSE,33,8,0,6,6,18,14,"ACAD_154_BL_20250708.JPG","ACAD_154_BR_20250708.JPG","ACAD_154_UL_20250708.JPG","ACAD_154_UR_20250708.JPG"
"ACAD-155","ACAD","4","Mesic- Flatwoods","Park on 102 at pull off west of where you walk in.","Black spruce woodland with Rhodora an Ericaceous shrub understory.",2025,44.236919,-68.312937,FALSE,13,2,0,13,14,15,10,"ACAD_155_BL_20250710.JPG","ACAD_155_BR_20250710.JPG","ACAD_155_UL_20250710.JPG","ACAD_155_UR_20250710.JPG"
"ACAD-156","ACAD","4","Mesic- Moist Slopes and Coves","Parked at Ship Harbor trailhead. Follow the shoreline until 40m from plot.","Red spruce and balsam fir forest with sparse understory.",2025,44.229169,-68.326738,FALSE,29,6,0,0,7,4,2,"ACAD_156_BL_20250710.JPG","ACAD_156_BR_20250710.JPG","ACAD_156_UL_20250710.JPG","ACAD_156_UR_20250710.JPG"
"ACAD-157","ACAD","4","Mesic- Rolling Uplands","Park at carriage road entrance (~.3 mils north of Hadlock Pond). Walk along trails.  Plot center is ~18m from stream.","Mixed red spruce. cedar, striped maple and paper birch overstory with evergreen seedlines and sparse understory. BL has no stake (right near trail), rebar is under the soil.",2025,44.32876,-68.288023,FALSE,21,3,0,17,3,13,11,"ACAD_157_BL_20250625.JPG","ACAD_157_BR_20250625.JPG","ACAD_157_UL_20250625.JPG","ACAD_157_UR_20250625.JPG"
"ACAD-158","ACAD","4","Xeric- Dry Slopes","Drive to trailhead (@  Amphitheater bridge). Follow trail in and navigate in when closest distance. Or park at Upper Hadlcck parking lot and take carriage roads to Hadlock brook trail then Birch spring trail up to Sargent South Ridge. Plot is 40 m off trail.","Spruce forest with moss understory",2025,44.325629,-68.275457,FALSE,9,5,0,9,7,11,8,"ACAD_158_BL_20250625.JPG","ACAD_158_BR_20250625.JPG","ACAD_158_UL_20250625.JPG","ACAD_158_UR_20250625.JPG"
"ACAD-159","ACAD","4","Mesic- Rolling Uplands","Park on Long Pond Fire Road and walk in perpendicular to point or use trail from South.
UR corner also offset at 9.21m and 325 deg. From Plot center (offset stake is at the inside corner of the quadrat.  Changed plot orientation to 280 from 289 deg. To match plot layout (2013).","Conifer forest with some older regeneration present.",2025,44.316814,-68.37093,FALSE,24,2,0,2,3,3,6,"ACAD_159_BL_20250714.JPG","ACAD_159_BR_20250714.JPG","ACAD_159_UL_20250714.JPG","ACAD_159_UR_20250714.JPG"
"ACAD-160","ACAD","4","Mesic- Rolling Uplands","Park on Long Pond Fire Road and walk in perpendicular to plot.","Spruce forest with few saplings. Mature doghair stand.  Changed plot orientation to 130 deg. To match plot layout.",2025,44.316733,-68.375909,FALSE,46,5,0,0,4,3,8,"ACAD_160_BL_20250714.JPG","ACAD_160_BR_20250714.JPG","ACAD_160_UL_20250714.JPG","ACAD_160_UR_20250714.JPG"
"ACAD-161","ACAD","4","Mesic- Flatwoods","Park at pullout on loop road and bushwack 800m, crossing powerline cut. Many wetlands on the way in, rubber boots recommended but plot is dry.","Conifer woodland with huckleberry dominated understory. Thin soils, many stakes parallel to the ground.",2025,44.356759,-68.065605,FALSE,20,5,0,3,7,12,6,"ACAD_161_BL_20250709.JPG","ACAD_161_BR_20250709.JPG","ACAD_161_UL_20250709.JPG","ACAD_161_UR_20250709.JPG"
"ACAD-162","ACAD","4","Mesic- Moist Slopes and Coves","Drive carriage trail to within 85m of plot. Hike in perpendicular to point.","Mixed deciduous/conifer canopy with open Sphagnum understory. Boots only needed if wet year.",2025,44.249411,-68.315184,FALSE,20,7,0,32,8,11,9,"ACAD_162_BL_20250710.JPG","ACAD_162_BR_20250710.JPG","ACAD_162_UL_20250710.JPG","ACAD_162_UR_20250710.JPG"
"ACAD-163","ACAD","4","Mesic- Moist Slopes and Coves","Park on carriage road. Hike up Hunter's Brook trail, then take right onto Pemetic trail.
BC and BC Regen  stake distances and angles are estimated. UC stake is parallel to ground.","Red spruce dominated forest with dense understory of .5-2m tall recruits.  Changed plot orientation from 183 to 185 deg. To match the stake layout better (2013).",2025,44.3238,-68.239185,FALSE,10,2,0,26,17,4,5,"ACAD_163_BL_20250625.JPG","ACAD_163_BR_20250625.JPG","ACAD_163_UL_20250625.JPG","ACAD_163_UR_20250625.JPG"
"ACAD-164","ACAD","4","Mesic- Floodplains/Bottomlands","~300m east on Bowditch trail front main park road. ~200m south from trail.","Spruce stand with varying densities of spruce regen.",2025,44.054338,-68.634573,FALSE,17,2,0,7,6,12,3,"ACAD_164_BL_20250702.JPG","ACAD_164_BR_20250702.JPG","ACAD_164_UL_20250702.JPG","ACAD_164_UR_20250702.JPG"
"ACAD-165","ACAD","4","Hydric- Swamps/Bogs","400m from intersection of Bowditch Trail and Park Road. 20degrees for 120m from trail.
Short stakes used for many plot markers (ran out of long).  Bring 8 long stakes at next visit and replace short ones.","Black and red spruce dominated with skunk cabbage and sphagnum bog (1/4 of plot) and other bryophte cover (3/4 of plot). Boots highly recommended.",2025,44.057561,-68.634591,FALSE,21,3,0,2,4,14,10,"ACAD_165_BL_20250702.JPG","ACAD_165_BR_20250702.JPG","ACAD_165_UL_20250702.JPG","ACAD_165_UR_20250702.JPG"
"ACAD-166","ACAD","4","Xeric- Dry Slopes","From park road, take NatMerchant Trail east then Ridge Trail south ~150m.  ~300m at 230 degrees off trail.","Spruce and pitch pine woodland with dense huckleberry and exposed bedrock. 2013- changed orientation to 283 from 277",2025,44.032543,-68.632299,FALSE,11,2,0,4,4,8,4,"ACAD_166_BL_20250701.JPG","ACAD_166_BR_20250701.JPG","ACAD_166_UL_20250701.JPG","ACAD_166_UR_20250701.JPG"
"ACAD-167","ACAD","4","Hydric- Swamps/Bogs","Go around Park Road, hike 90m at 180 degrees.","Spruce and maple mixed stand. Skunk cabbage dominated bog. Boots recommended.",2025,44.024794,-68.63604,FALSE,20,1,0,15,18,10,9,"ACAD_167_BL_20250630.JPG","ACAD_167_BR_20250630.JPG","ACAD_167_UL_20250630.JPG","ACAD_167_UR_20250630.JPG"
"ACAD-168","ACAD","4","Mesic- Flatwoods","Park on Ship Harbor Trail and walk 400m from road.","Spruce/fir with some ace rub. Mossy ground cover with some vaccinium and abies regen.",2025,44.235462,-68.326704,FALSE,16,8,0,11,6,18,7,"ACAD_168_BL_20250710.JPG","ACAD_168_BR_20250710.JPG","ACAD_168_UL_20250710.JPG","ACAD_168_UR_20250710.JPG"
"ACAD-169","ACAD","4","Mesic- Moist Slopes and Coves","From Duck Harbor Road hike uphill 160m at 167degrees.","Spruce/fir slope with small ridge running parallel to slope. 2013-changed orientation to 198 from 190",2025,44.02635,-68.647286,FALSE,16,2,0,6,4,15,5,"ACAD_169_BL_20250701.JPG","ACAD_169_BR_20250701.JPG","ACAD_169_UL_20250701.JPG","ACAD_169_UR_20250701.JPG"
"ACAD-170","ACAD","1","Mesic- Flatwoods","Park on road between Park Loop Rd. and Schooner Head Rd.. Walk in ~30m at 180 degrees.","Betula papyfera forest with dense herbaceous understory. Garmin GPS coordinates were incorrect should be E 565270, N4909853. Changed Orientation to 92.",2026,44.33901,-68.181221,FALSE,33,3,0,126,3,26,14,"ACAD_170_BL_20260615.JPG","ACAD_170_BR_20260615.JPG","ACAD_170_UL_20260615.JPG","ACAD_170_UR_20260615.JPG"
"ACAD-171","ACAD","1","Mesic- Moist Slopes and Coves","Take Giant Slide Trail ~2.4km.","Spruce-fir forest with small cliff in plot. Missing Orientation- is it 80degrees. 2014 - set orientation as 80 degrees",2026,44.336544,-68.281645,FALSE,19,5,0,8,6,9,12,"ACAD_171_BL_20260629.JPG","ACAD_171_BR_20260629.JPG","ACAD_171_UL_20260629.JPG","ACAD_171_UR_20260629.JPG"
"ACAD-172","ACAD","1","Hydric- Swamps/Bogs","park on western mtn. rd.~120 m @ 200 degrees","white cedarswamp with abundant sphagnum.",2026,44.287127,-68.380083,FALSE,36,3,0,22,0,17,8,"ACAD_172_BL_20260618.JPG","ACAD_172_BR_20260618.JPG","ACAD_172_UL_20260618.JPG","ACAD_172_UR_20260618.JPG"
"ACAD-173","ACAD","1","Mesic- Moist Slopes and Coves","Park at outer loop at Blackwoods. ~200m @ 175 degrees partially along social trail;.","Spruce canopy with mossy groundcover and spruce seedlings (15-50cm)",2026,44.303314,-68.205625,FALSE,31,12,0,394,0,5,7,"ACAD_173_BL_20260623.JPG","ACAD_173_BR_20260623.JPG","ACAD_173_UL_20260623.JPG","ACAD_173_UR_20260623.JPG"
"ACAD-174","ACAD","1","Mesic- Moist Slopes and Coves","Parked at Flying Mt. parking lot, hiked and followed St. Sauvior past summit to sadle, then went off trail 90 meters @ 280 degrees. ~1 km hike from the parking lot.","Cedar and Spruce overstory with mossy and gaylusscia understory.",2026,44.307151,-68.323352,FALSE,34,3,0,9,2,16,8,"ACAD_174_BL_20260707.JPG","ACAD_174_BR_20260707.JPG","ACAD_174_UL_20260707.JPG","ACAD_174_UR_20260707.JPG"
"ACAD-175","ACAD","1","Mesic- Moist Slopes and Coves","Take Long Pond fire rd. then about 370m north of road.","Dense pine, spruce of large sapling/small tree size.  Wet sphagnum areas in parts of plot.",2026,44.33554,-68.380878,FALSE,38,1,0,0,8,3,5,"ACAD_175_BL_20260625.JPEG","ACAD_175_BR_20260625.JPEG","ACAD_175_UL_20260625.JPEG","ACAD_175_UR_20260625.JPEG"
"ACAD-176","ACAD","2","Mesic- Moist Slopes and Coves","Park at turnoff just before Schoodic Head Road, near Pond Island Overlook. We took beach route that was parallel to the beach, but a little bit into the woods. Trying to cut in perpendicular from the road was challenging; too many down trees.","Semi-open Spruce headland",2023,44.345963,-68.072037,FALSE,30,5,0,1,2,22,8,"ACAD_176_BL_20230710.JPG","ACAD_176_BR_20230710.JPG","ACAD_176_UL_20230710.JPG","ACAD_176_UR_20230710.JPG"
"MABI-001","MABI","1","Mesic- Moist Slopes and Coves","90 meters soutwest of carriage trail","Sugar maple, white pine forest.. redstart plot- did not waypoint",2023,43.632911,-72.520814,FALSE,3,0,0,25,0,34,38,"MABI_001_BL_20230605.JPG","MABI_001_BR_20230605.JPG","MABI_001_UL_20230605.JPG","MABI_001_UR_20230605.JPG"
"MIMA-001","MIMA","1","Mesic- Flatwoods","Hanscom Rd. to Old Bedford Rd. to Virginia trail about 200m. Park at Lincoln North business areas to ge to Virginia trail. Plot right off trail partially in field.","Oak, and white pine forest with open understory. Bottom half of plot is consistently mowed and is a field.",2023,42.45565,-71.296155,FALSE,9,0,20.9,20,0,19,22,"MIMA_001_BL_20230612.JPG","MIMA_001_BR_20230612.JPG","MIMA_001_UL_20230612.JPG","MIMA_001_UR_20230612.JPG"
"MORR-001","MORR","2","Mesic- Rolling Uplands","Cut into forest by Cross Estate resident parking to avoid the worst barberry.","Fairly open canopy plot. Dense barberry at the top of the plot, steep slope. Mixed hardwood canopy. Possible hornets nest near UR. 2015- changed oreintation from 60 to 62",2024,40.74542,-74.562425,FALSE,9,0,46,4,0,13,21,"MORR_001_BL_20240523.JPG","MORR_001_BR_20240523.JPG","MORR_001_UL_20240523.JPG","MORR_001_UR_20240523.JPG"
"ROVA-001","ROVA","2","Mesic- Rolling Uplands","HOFR: meadow trail to top of ridge, then head northeast","5/29/24 - UL Micro is to be sampled from original sample location on rock (183 az and 4.0 m) not from white stake. Rock was spraypainted at sample location; Trees are spraypainted away from old trail.
6/2/15 - Reset orientation from 230 to 228 to match stakes better.
ML pole offset .6m to the left to avoid rock.
6/2/11 - MR, Center, and UR stakes missing.  Mapped out site again, seems to be all set from left over stakes.  
UR regen falls right in the middle of trail.  Will move stake 1m downslope when finished to avoid a missing stake.  UL regen plot stake falls on top of a rock, we moved stake .5m towards UR regen to avoid rock.  JLF",2024,41.762515,-73.937052,FALSE,13,0,0.1,17,1,19,27,"ROVA_001_BL_20240529.JPG","ROVA_001_BR_20240529.JPG","ROVA_001_UL_20240529.JPG","ROVA_001_UR_20240529.JPG"
"SAGA-001","SAGA","1","Mesic- Rolling Uplands","Close to main road (~25m off road)","White pine overstory, paper birch and oak subcanopy.  Near park boundary.  USFS plot.  Wire ball removed from plot.  Poor coord accuracy, tried with beacon and small antenna.
Due to misclassification of super canopy white pines as the co-dominant canopy layer on this plot, stand height and crown class measurements are suspect. All analyses that include stand height or crown class should use 2006 stand height and crown class data.",2023,43.498771,-72.371261,FALSE,35,7,0,1,2,21,20,"SAGA_001_BL_20230531.JPG","SAGA_001_BR_20230531.JPG","SAGA_001_UL_20230531.JPG","SAGA_001_UR_20230531.JPG"
"SARA-001","SARA","1","Hydric- Other Hydric","Go down Park Tour Road about 300m, then go ~200m at 230degrees.","Wet area, sparse canopy.  Lots of sensitive fern.  Swamp white oak is dominant tree. Deer trail present throughout..",2023,43.007204,-73.650002,FALSE,9,4,5.4,15,1,52,16,"SARA_001_BL_20230521.JPG","SARA_001_BR_20230521.JPG","SARA_001_UL_20230521.JPG","SARA_001_UR_20230521.JPG"
"WEFA-001","WEFA","2","Mesic- Moist Slopes and Coves","Parking in the main parking lot, we traveled along the road and took the pond trail. Heading roughly east for about 200m, until we came upon the plot. The plot center is less than 10m off the trail","Path runs through left side of plot.",2024,41.258104,-73.45409,FALSE,14,3,4.2,40,2,30,42,"WEFA_001_BL_20240610.JPG","WEFA_001_BR_20240610.JPG","WEFA_001_UL_20240610.JPG","WEFA_001_UR_20240610.JPG"
"MABI-002","MABI","1","Mesic- Rolling Uplands","walked carriage trail to hiking trail 200m then 60 degree bearing","White pine plantation.  Plot azimuth suspect- missing on datasheet.  Changed Physiographic Class from Dry slopes to rolling uplands.",2023,43.635698,-72.549844,FALSE,10,0,0,76,11,24,17,"MABI_002_BL_20230605.JPG","MABI_002_BR_20230605.JPG","MABI_002_UL_20230605.JPG","MABI_002_UR_20230605.JPG"
"MIMA-002","MIMA","1","Hydric- Small Drain","Park at MIMA visitor's center (eastern), then walk about 80m at 220degrees.
Edge of plot flush with mowed area near VC sidewalk.","Beech/ Red Maple/Elm forest with dense buckthorn understory and poison ivy.  Data missing for terrain position, A. Vincello, 5/13/2009.",2023,42.449164,-71.270966,FALSE,20,3,89,14,2,36,21,"MIMA_002_BL_20230612.JPG","MIMA_002_BR_20230612.JPG","MIMA_002_UL_20230612.JPG","MIMA_002_UR_20230612.JPG"
"MORR-002","MORR","2","Hydric- Swamps/Bogs","parked at jockey hollow gate. Followed fire road 200m, then turned and went sideslope for 300m at 120 degrees. Had to cross a skunk cabbage swamp.","Half of plot is a lower slope dominated by barberry. 2024 - ash mortality",2024,40.742241,-74.560184,FALSE,6,1,47.3,2,0,37,30,"MORR_002_BL_20240523.JPG","MORR_002_BR_20240523.JPG","MORR_002_UL_20240523.JPG","MORR_002_UR_20240523.JPG"
"ROVA-002","ROVA","2","Mesic- Rolling Uplands","HOFR: plot bisected by path","Bottom center stake offset 1m towards bottom left, upper left regen stake offset 2m towards upper left.
6/2/11 - Entire plot restablished.  All but UL and ML stakes were missing or found down in leaf litter.  Used plot orientation and remaining stakes to restablish plot center.  JLF
Stakes close to trail were buried to 3"" above ground. 6/2/15 - (B regen stake offset at 3.0m at 270 deg. Due to trail).",2024,41.75953,-73.934731,FALSE,3,0,1.1,31,0,32,17,"ROVA_002_BL_20240529.JPG","ROVA_002_BR_20240529.JPG","ROVA_002_UL_20240529.JPG","ROVA_002_UR_20240529.JPG"
"SAGA-002","SAGA","1","Mesic- Rolling Uplands","Near Blow-me-down trail head.","Very steep sloped plot. Hemlock, sugar maple, white pine dominated forest.  All trees measured on upslope side.",2023,43.501716,-72.374064,FALSE,17,0,0,0,4,15,12,"SAGA_002_BL_20230530.JPG","SAGA_002_BR_20230530.JPG","SAGA_002_UL_20230530.JPG","SAGA_002_UR_20230530.JPG"
"SARA-002","SARA","1","Hydric- Small Drain","South on Park Tour Rd, then ~75m at 240 degrees.","Successional white pine forest with honeysuckle and buckthorn understory.  Small streams running through plot.  Changed orientation from 360 to 2 deg. 5/29/14",2023,42.997761,-73.650245,FALSE,12,4,70,4,0,45,20,"SARA_002_BL_20230522.JPG","SARA_002_BR_20230522.JPG","SARA_002_UL_20230522.JPG","SARA_002_UR_20230522.JPG"
"WEFA-002","WEFA","2","Mesic- Rolling Uplands","take pond trail about 200m","Large boulder in plot.  Some ferns and smilax understory.  Changed orientation from 250 to 252 - 6/15/15",2024,41.257855,-73.45369,FALSE,12,4,0.2,40,2,27,27,"WEFA_002_BL_20240610.JPG","WEFA_002_BR_20240610.JPG","WEFA_002_UL_20240610.JPG","WEFA_002_UR_20240610.JPG"
"MABI-003","MABI","1","Mesic- Rolling Uplands","Take carriage trail towards Pogue, then east along ridge.","GRTS 4 excluded  because carriage trail running through plot. Morels on plot!",2023,43.636366,-72.541511,FALSE,6,0,0,18,0,28,20,"MABI_003_BL_20230607.JPG","MABI_003_BR_20230607.JPG","MABI_003_UL_20230607.JPG","MABI_003_UR_20230607.JPG"
"MIMA-003","MIMA","1","Mesic- Moist Slopes and Coves","Take Lexington Rd. to 50m from plot, then south.","Plot at edge of swamp (south) and open field with a few trees (west).  Small man-made drainage running through plot. UR rebar offset at 14.6m due to tree. White stake at true corner location. 2014 - BC and BL appear to have been mowed as part of an access road.",2023,42.45172,-71.299039,FALSE,24,1,37.9,21,0,42,22,"MIMA_003_BL_20230612.JPG","MIMA_003_BR_20230612.JPG","MIMA_003_UL_20230612.JPG","MIMA_003_UR_20230612.JPG"
"MORR-003","MORR","2","Mesic- Rolling Uplands","Take Mendeham Road Trail just before VC (drivable if necessary), then turn right onto Patriot's Path. 70 m bushwack","Very open understory - no barberry.  Gentle slope.",2024,40.759331,-74.539753,FALSE,12,0,0,4,1,19,24,"MORR_003_BL_20240521.JPG","MORR_003_BR_20240521.JPG","MORR_003_UL_20240521.JPG","MORR_003_UR_20240521.JPG"
"ROVA-003","ROVA","2","Mesic- Rolling Uplands","HOFR: cut through woods parallel to driveway of private house, then take path to plot","Upper left regen is offset- pole is only 3 meters from center, rock is paint-marked at actual location. 2015 Crew found the upper left regin pole within tolerance at 3.8 m from plot center. We used that location. BC regen is marked with paint on a rock. We remarked with green paint.",2024,41.771143,-73.939977,FALSE,16,0,0,11,1,24,21,"ROVA_003_BL_20240605.JPG","ROVA_003_BR_20240605.JPG","ROVA_003_UL_20240605.JPG","ROVA_003_UR_20240605.JPG"
"SAGA-003","SAGA","1","Mesic- Rolling Uplands","Up slope from main road in park.","Large white pine with beech subcanopy and understory.  At top of knob/bench.  Near site of Jap. barberry removal efforts.. Orientation was changed from 120 on 6/11/14…",2023,43.496265,-72.374288,FALSE,26,10,0,0,9,13,15,"SAGA_003_BL_20230601.JPG","SAGA_003_BR_20230601.JPG","SAGA_003_UL_20230601.JPG","SAGA_003_UR_20230601.JPG"
"SARA-003","SARA","1","Mesic- Flatwoods","Drive up the sod farm road, Bear to the left going up the hill, at the top of the hill take first left at the very top where you see the sod field at the right. It's not obviously a road until you drive down a bit farther, then take to the end. Then walk the ridge line down to the water monitoring site. Cross stream, then head up hill. Not a bad bushwack.","White pine forest- very open understory.  Small Japanese barberry plant on plot.  Dry-mesic forest. Rufus sided towhee's calling near plot.. ",2023,42.990608,-73.628764,FALSE,27,9,13.7,55,0,67,28,"SARA_003_BL_20230524.JPG","SARA_003_BR_20230524.JPG","SARA_003_UL_20230524.JPG","SARA_003_UR_20230524.JPG"
"WEFA-003","WEFA","2","Hydric- Swamps/Bogs","take main trail in and head right into the swamp when you hit the bridge near trail entrance","Plot in a high bush blueberry / Clethra swamp.  Borrow hip or chest waters from the park to help sample. 2024: hip waders helpful

 UC was a bit short, Reset to 10 m.  Orientation was changed from 360 to 358. BR stake was about 7 degrees off, so reset (likely tampered with). 6/16/2015",2024,41.257559,-73.455081,FALSE,8,1,0,1,0,21,31,"WEFA_003_BL_20240610.JPG","WEFA_003_BR_20240610.JPG","WEFA_003_UL_20240610.JPG","WEFA_003_UR_20240610.JPG"
"MABI-004","MABI","1","Mesic- Rolling Uplands","250m north (across hill) of MABI3. Or park at pullout in carriage road curve between plot 4 and 9. Plot is 70 m off CR.","Was a sugar maple forest with sparse understory.  Plot was harvested between 2010 and 2014. Ground cover in 2023 was a mix of rubus, ferns, and majority Fraxinus americana regen.",2023,43.638497,-72.541003,FALSE,5,1,3,148,1,25,29,"MABI_004_BL_20230606.JPG","MABI_004_BR_20230606.JPG","MABI_004_UL_20230606.JPG","MABI_004_UR_20230606.JPG"
"MIMA-004","MIMA","1","Mesic- Flatwoods","Very close to a brown house (park here) and Lexington Rd.","Walnut, butternut walnut orchard with dense jewelweed groundlayer, and abandoned herb/vegetable garden plants.  Potential grey water outlet into plot.",2023,42.45601,-71.314945,FALSE,8,5,1.6,2,0,37,11,"MIMA_004_BL_20230612.JPG","MIMA_004_BR_20230612.JPG","MIMA_004_UL_20230612.JPG","MIMA_004_UR_20230612.JPG"
"MORR-004","MORR","2","Mesic- Rolling Uplands","about 600m south-southwest from the soldier hut parking lot area, crossing 3 paths on the way. On the other side of the deer explosure",NA,2024,40.770152,-74.539974,FALSE,5,0,3.6,142,1,20,21,"MORR_004_BL_20240522.JPG","MORR_004_BR_20240522.JPG","MORR_004_UL_20240522.JPG","MORR_004_UR_20240522.JPG"
"ROVA-004","ROVA","2","Mesic- Rolling Uplands","HOFR: follow yellow trail, then turn west- only short distance from trail","large rock outcropping through the middle of the plot. BL corner in wetland/stream.",2024,41.769569,-73.942072,FALSE,15,2,3.8,203,1,31,46,"ROVA_004_BL_20240605.JPG","ROVA_004_BR_20240605.JPG","ROVA_004_UL_20240605.JPG","ROVA_004_UR_20240605.JPG"
"SAGA-004","SAGA","1","Mesic- Rolling Uplands","Blow-Me-Down trail about 200m, then north (down slope) near stream.","Plot located on steep slope with hemlock dominated forest. Deer path running through plot. BL stake is in the middle of the stream.",2023,43.502242,-72.376169,FALSE,20,0,0,4,1,14,27,"SAGA_004_BL_20230530.JPG","SAGA_004_BR_20230530.JPG","SAGA_004_UL_20230530.JPG","SAGA_004_UR_20230530.JPG"
"SARA-004","SARA","1","Mesic- Flatwoods","Hike into Plot 5 and continue north until about due west of the plot. Then head west to plot along the path of least resistance.","Near Cornus racemosa dominated wetland. Very dense honeysuckle thickets.  Few trees in plot.",2023,42.989092,-73.633839,FALSE,3,0,79.5,12,0,60,9,"SARA_004_BL_20230523.JPG","SARA_004_BR_20230523.JPG","SARA_004_UL_20230523.JPG","SARA_004_UR_20230523.JPG"
"WEFA-004","WEFA","2","Mesic- Floodplains/Bottomlands","take pond trail past plots 1 and 2.","Stone walls cross plot.",2024,41.257152,-73.453587,FALSE,10,0,13.9,1,1,25,29,"WEFA_004_BL_20240610.JPG","WEFA_004_BR_20240610.JPG","WEFA_004_UL_20240610.JPG","WEFA_004_UR_20240610.JPG"
"MABI-005","MABI","1","Mesic- Moist Slopes and Coves","Take hiking trail from carraige trail that starts at Pony shed (about 600m).  Then, before trail junction with carraige trail go uphill (south)","Redstart plot- didn't waypoint.  Shallow soils, hemlock sugar maple forest.  Spotted barred owl near plot.. ",2023,43.632259,-72.529778,FALSE,19,0,0,23,0,10,20,"MABI_005_BL_20230605.JPG","MABI_005_BR_20230605.JPG","MABI_005_UL_20230605.JPG","MABI_005_UR_20230605.JPG"
"MIMA-005","MIMA","1","Mesic- Flatwoods","On North side of Lexington Rd., about 20m in.  Central park of park. Park in the Hatwell Tavern parking area near plot; plot located next to parking lot.","Rock wall at left edge of plot- Lexington Rd. on other side.",2023,42.451043,-71.291037,FALSE,19,2,14.3,6,7,24,24,"MIMA_005_BL_20230612.JPG","MIMA_005_BR_20230612.JPG","MIMA_005_UL_20230612.JPG","MIMA_005_UR_20230612.JPG"
"MORR-005","MORR","2","Mesic- Rolling Uplands","head upslope out of the back of the parking lot for the soldiers huts at 240 degrees for about 150m.  Or take the white trail from the tour road to plot.","UL corner offset 1.5 m @ 320 degrees to avoid hiking trail.  Hiking trail runs through upper plot.  Trees tagged facing away from trail.",2024,40.775778,-74.538976,FALSE,5,0,115.8,1,0,24,12,"MORR_005_BL_20240520.JPG","MORR_005_BR_20240520.JPG","MORR_005_UL_20240520.JPG","MORR_005_UR_20240520.JPG"
"ROVA-005","ROVA","2","Mesic- Rolling Uplands","SCHU:Take trail, then head in at 20 degrees","BR missing stake, reset and knocked 2 trees out.  UR missing stake, reset at 14.34 due to rock in the way of the stake.  6/6/11 JLF",2024,41.770159,-73.926133,FALSE,11,0,0,46,0,24,24,"ROVA_005_BL_20240529.JPG","ROVA_005_BR_20240529.JPG","ROVA_005_UL_20240529.JPG","ROVA_005_UR_20240529.JPG"
"SAGA-005","SAGA","1","Mesic- Moist Slopes and Coves","Blow-me-down trail, then 100m (~240degrees) south at trail intersection.  Located near wetland/pond.","Part of plot fairly open, dominated by honeysuckle, and facing road (12A).  Red oak, beech, white pine dominated forest. Difficult to measure UP slope, so measured from plot center to UC (couldn't see past UC).  Terrain relatively flat above UC.. 

Due to misclassification of super canopy white pines as the co-dominant canopy layer on this plot, stand height and crown class measurements are suspect. All analyses that include stand height or crown class should use 2010 QA/QC stand height and crown class data.",2023,43.500281,-72.377825,FALSE,13,2,0.1,37,13,50,21,"SAGA_005_BL_20230531.JPG","SAGA_005_BR_20230531.JPG","SAGA_005_UL_20230531.JPG","SAGA_005_UR_20230531.JPG"
"SARA-005","SARA","1","Mesic- Flatwoods","Followed north blaze park boundary, then east about 150, (at corner blaze).","Open grown white pine forest with slippery elm mid-story.  Ditch with broken tiles in plot. Deer trails through plot",2023,42.985921,-73.631444,FALSE,12,2,31.1,23,0,69,24,"SARA_005_BL_20230523.JPG","SARA_005_BR_20230523.JPG","SARA_005_UL_20230523.JPG","SARA_005_UR_20230523.JPG"
"WEFA-005","WEFA","2","Mesic- Moist Slopes and Coves","head NW from intersection of two roads past fields, almost to pond.","UTME- Should Be 629179 (KMM 10/12/07). Hardwood canopy, mostly ferns and sedge groundcover with rocks. Painted trees away from house",2024,41.258391,-73.457998,FALSE,13,5,0.2,26,0,20,40,"WEFA_005_BL_20240610.JPG","WEFA_005_BR_20240610.JPG","WEFA_005_UL_20240610.JPG","WEFA_005_UR_20240610.JPG"
"MABI-006","MABI","1","Mesic- Rolling Uplands","Carraige trail past Pogue, then skirted edge of field/forest to find trail through red pine plantation.  Large sugar maple trees in plot.","Keaton plot-didn't waypoint.  Norway spruce, sugar maple forest.  Sparse understory. ",2023,43.629621,-72.541055,FALSE,7,2,0,82,12,22,24,"MABI_006_BL_20230607.JPG","MABI_006_BR_20230607.JPG","MABI_006_UL_20230607.JPG","MABI_006_UR_20230607.JPG"
"MIMA-006","MIMA","1","Mesic- Flatwoods","Park in abandoned road, just south of Lexington Rd.","Terrain slight slope, but flat land all around.  Plot near abandoned road, though plot doesn't appear to be driven, highly compacted, or in plot.  Black Locust/Norway maple forest. Rubus/TOXRAD groundcover.  All trees tagged away from road.  Found pink flagging in plot that says ""do not cut"".",2023,42.448765,-71.287841,FALSE,20,5,1.6,18,2,23,16,"MIMA_006_BL_20230613.JPG","MIMA_006_BR_20230613.JPG","MIMA_006_UL_20230613.JPG","MIMA_006_UR_20230613.JPG"
"MORR-006","MORR","2","Mesic- Rolling Uplands","same parking as plot 5, walk through field towards soldier huts. Enter at about 20 degrees.","Moderate barberry density.",2024,40.776366,-74.535097,FALSE,7,3,60.4,22,0,20,13,"MORR_006_BL_20240520.JPG","MORR_006_BR_20240520.JPG","MORR_006_UL_20240520.JPG","MORR_006_UR_20240520.JPG"
"ROVA-006","ROVA","2","Mesic- Other Mesic","SCHU: take trail, then head in near power line clearing","Upper right corner post is offset half a meter towards upper center, because otherwise would be in tree.
6/6/11 Reset BL stake in swamp.  Reset UR regen.  Bottom regen is in the middle of the swamp.  JLF

MR and BL stakes were missing. Reset 6/3/2015, underwater in the swamp.",2024,41.767854,-73.924211,FALSE,11,4,0,40,2,29,18,"ROVA_006_BL_20240528.JPG","ROVA_006_BR_20240528.JPG","ROVA_006_UL_20240528.JPG","ROVA_006_UR_20240528.JPG"
"SAGA-006","SAGA","1","Mesic- Rolling Uplands","Blow-me down trail.  Trail runs through edge of lower plot.","White pine overstory with beech and sugar maple understory.  Plot near ravine.  BC stake is flush with ground (behind tree #14) because it is on the trail. All trees tagged away from trail.  All fiberglass stakes close to trail sunken far into ground (no greater than 5cm above ground).

Due to misclassification of super canopy white pines as the co-dominant canopy layer on this plot, stand height and crown class measurements are suspect. All analyses that include stand height or crown class should use 2010 QA/QC stand height and crown class data.",2023,43.500581,-72.37441,FALSE,18,1,0,6,8,6,8,"SAGA_006_BL_20230531.JPG","SAGA_006_BR_20230531.JPG","SAGA_006_UL_20230531.JPG","SAGA_006_UR_20230531.JPG"
"SARA-006","SARA","1","Mesic- Moist Slopes and Coves","Wilkenson trail about 300m from stop 7 parking lot.  Then about 200m down the trail.","White pine forest on slope with open understory.  Herb layer dominated by Pilea pumila and Carex pensylvanica.",2023,43.007015,-73.634092,FALSE,13,4,0.1,39,0,51,18,"SARA_006_BL_20230522.JPG","SARA_006_BR_20230522.JPG","SARA_006_UL_20230522.JPG","SARA_006_UR_20230522.JPG"
"WEFA-006","WEFA","4","Mesic- Rolling Uplands","Drive up concrete driveway for 250 Old Branchville Rd. Continue driving until perpendicular to point.  Boundary of plot is SE from stone fence.","Mixed deciduous and Quercus prinus dominated canopy with some saplings in plot. Understory is generally sparse with Carex sp. dominating.  GPS Accuracy (horizontal error) not collected in the field.  Changed orientation from 164 to 166 degrees for a better fit.",2026,41.264747,-73.453074,FALSE,19,7,0,12,1,17,20,"WEFA_006_BL_20260609.JPG","WEFA_006_BR_20260609.JPG","WEFA_006_UL_20260609.JPG","WEFA_006_UR_20260609.JPG"
"MABI-007","MABI","1","Mesic- Rolling Uplands","Followed ski trails from MABI 6.","Redstart plot- did not waypoint plot center.  Young sugar maple forest near ski trail- diverse stand (tree species).  Caterpillar casings present on several trees.  Large dying beech at lower edge of plot.  Most sugar maples have second leaves.  Peltigera spp. lichen found in plot..  Tree DBH marked upslope, away from trail.",2023,43.630029,-72.544558,FALSE,20,2,0,66,23,22,25,"MABI_007_BL_20230606.JPG","MABI_007_BR_20230606.JPG","MABI_007_UL_20230606.JPG","MABI_007_UR_20230606.JPG"
"MIMA-007","MIMA","1","Mesic- Moist Slopes and Coves","Parked near vegetable stand by Brown House (near MIMA 4).","White pine forest with numerous poison ivy vines climbing on trees.  LR stake 20cm at 240degrees from where it should be located.",2023,42.453763,-71.315628,FALSE,7,3,21,13,0,24,14,"MIMA_007_BL_20230613.JPG","MIMA_007_BR_20230613.JPG","MIMA_007_UL_20230613.JPG","MIMA_007_UR_20230613.JPG"
"MORR-007","MORR","2","Mesic- Rolling Uplands","parking in the soldiers hut parking lot, it is about 160m E, upslope and just to the left of the actual soldiers huts.","Hardwood canopy, some barberry. Lush ground cover w/ both native and invasives",2024,40.775602,-74.535481,FALSE,8,2,23.9,225,2,35,21,"MORR_007_BL_20240522.JPG","MORR_007_BR_20240522.JPG","MORR_007_UL_20240522.JPG","MORR_007_UR_20240522.JPG"
"ROVA-007","ROVA","2","Mesic- Moist Slopes and Coves","VAMA: park at historic train station, walk down road to back gate of mansion, enter there and follow trail about 100 meters","Also, bottom left corner is ofset 1 meter along the 220 azimuth, so that it would not be in the path. Actual corner is 1 meter farther along 40 degree azimuth.. Reset fiberglass stake at Bottom Left.  Offset the rebar for BL at",2024,41.79033,-73.946088,FALSE,12,1,0.1,23,3,35,21,"ROVA_007_BL_20240603.JPG","ROVA_007_BR_20240603.JPG","ROVA_007_UL_20240603.JPG","ROVA_007_UR_20240603.JPG"
"SAGA-007","SAGA","1","Mesic- Flatwoods","Take Blow-Me-Down trail until trail intersection, then ~30m at 30 degrees.","Hemlock, black birch and red maple forest.  Flattest plot in park so far.",2023,43.501943,-72.377654,FALSE,20,4,0,1,1,4,8,"SAGA_007_BL_20230531.JPG","SAGA_007_BR_20230531.JPG","SAGA_007_UL_20230531.JPG","SAGA_007_UR_20230531.JPG"
"SARA-007","SARA","1","Mesic- Flatwoods","Wilkenson trail from park tour road and about 50m, then about 20m north.  Not directly on trail, as map shows.","White pine forest with open understory.  Herb layer dominated by grasses.. Orientation changed from 360.",2023,43.007672,-73.634777,FALSE,16,6,14.8,24,0,40,26,"SARA_007_BL_20230522.JPG","SARA_007_BR_20230522.JPG","SARA_007_UL_20230522.JPG","SARA_007_UR_20230522.JPG"
"WEFA-007","WEFA","4","Hydric- Small Drain","Take pond trail to waterfall trail. Stop just before waterfall next to learge boulder. Plot located 17m from trail near a large Liriodendron tree.","Acer rubrum, Betula allagheniensis, Liriodendron canopy with Lindera benzoin and skunk cabbage understory. Very rocky (boulders) with mucky soil between.",2026,41.260788,-73.451364,FALSE,17,0,4.6,78,1,39,41,"WEFA_007_BL_20260608.JPG","WEFA_007_BR_20260608.JPG","WEFA_007_UL_20260608.JPG","WEFA_007_UR_20260608.JPG"
"MABI-008","MABI","1","Mesic- Rolling Uplands","About 250m from MABI7 at 240 degrees.  Large Ash near plot- logging trail north of plot.","Azimuth is 360 because of slope orientation, not lack of slope.  Sugar maple/ hemlock forest.  Plot was recently logged. No coord accuracy; Keeton GPS Coordinates",2023,43.628854,-72.546416,FALSE,19,3,0,41,0,28,35,"MABI_008_BL_20230606.JPG","MABI_008_BR_20230606.JPG","MABI_008_UL_20230606.JPG","MABI_008_UR_20230606.JPG"
"MIMA-008","MIMA","1","Mesic- Flatwoods","Park in Hartwell Tavern parking lot and cross the road or park at small grey Ranger Station house, which is just past the Hartwell tavern parking lot and on the correct side of the road. Short, easy bushwack to plot.","White pine/oak forest on top of small hill. Few exotic species.",2023,42.449361,-71.292253,FALSE,21,2,0,9,0,12,8,"MIMA_008_BL_20230614.JPG","MIMA_008_BR_20230614.JPG","MIMA_008_UL_20230614.JPG","MIMA_008_UR_20230614.JPG"
"MORR-008","MORR","2","Xeric- Dry Slopes","The plot is located 30 m east, upslope from the back of the soldiers huts. There is also a trail a few meters east of the plot",NA,2024,40.774799,-74.535119,FALSE,5,0,24.1,38,0,40,28,"MORR_008_BL_20240521.JPG","MORR_008_BR_20240521.JPG","MORR_008_UL_20240521.JPG","MORR_008_UR_20240521.JPG"
"ROVA-008","ROVA","2","Mesic- Moist Slopes and Coves","VAMA: park at historic railroad, walk thru lower gate to Vanderbuilt and follow trail- on right of trail","Maybe VAMA02; bottomleft stake offset 1m towards upper left because in trail, bottomcenter offset .2m towards bottom right because in tree. Data missing for terrain position, A. Vincello, 5/13/2009..
6/1/11 - Looks like MR was offset 2m because of rock interferrence.  BR missing then reset in a patch  of poison ivy, deep in.  BC missing and reset deep because of trail.  BL missing stake and reset on same azmuth with 1.5 m cut in towards center because of trail.

6/8/2015: MR stake reset on correct azimuth and distance. BC was missing and reset - likely missing due to a fallen tree. BL was missing, Reset on line 12 m from plot center due to trail/road. ML was reset because azimuth was not in tolerance, it is behind a large tree.h",2024,41.791863,-73.94528,FALSE,9,0,30.7,49,7,39,40,"ROVA_008_BL_20240530.JPG","ROVA_008_BR_20240530.JPG","ROVA_008_UL_20240530.JPG","ROVA_008_UR_20240530.JPG"
"SAGA-008","SAGA","1","Mesic- Other Mesic","Near Blow-Me-Down trail head, SW about 35m.","Plot slope is average from plot center to UC (6) and plot center to lower center (32). Hemlock, beech forest with steep slope in lower half of plot, and bench in upper half.  Spotted Newt migration..

Due to misclassification of super canopy white pines as the co-dominant canopy layer on this plot, stand height and crown class measurements are suspect. All analyses that include stand height or crown class should use 2006 stand height and crown class data.",2023,43.50111,-72.374301,FALSE,21,1,0,9,3,6,7,"SAGA_008_BL_20230531.JPG","SAGA_008_BR_20230531.JPG","SAGA_008_UL_20230531.JPG","SAGA_008_UR_20230531.JPG"
"SARA-008","SARA","1","Mesic- Flatwoods","About 70m south of entrance road.","Early successional ash forest.  Dense, tall herb layer dominated by sensitive fern, goldenrod, and exotic shrubs.",2023,43.009295,-73.633502,FALSE,10,6,6,10,0,54,14,"SARA_008_BL_20230524.JPG","SARA_008_BR_20230524.JPG","SARA_008_UL_20230524.JPG","SARA_008_UR_20230524.JPG"
"WEFA-008","WEFA","4","Hydric- Small Drain","Plot located in middle of wet drain/ravine  ~30m from trail.","Rocky and wet with thick bryophyte later over ground. Acer rubrum dominated canopy.  Bring knee high boots. 2022: Large trees dead, barberry responded in the center of the plot. Plot center in large barberry bush.",2026,41.261533,-73.452564,FALSE,11,3,41.3,2,0,42,16,"WEFA_008_BL_20260608.JPG","WEFA_008_BR_20260608.JPG","WEFA_008_UL_20260608.JPG","WEFA_008_UR_20260608.JPG"
"MABI-009","MABI","1","Mesic- Moist Slopes and Coves","Hiking trail to carraige trail away from Pogue.  Plot located in valley between two hills.","Sugar maple forest on hill side.  Lots of ferns, and some hemlock.  No coord accuracy; Keeton GPS Coordinates. Morels on plot!",2023,43.63816,-72.539553,FALSE,10,0,0,13,2,23,25,"MABI_009_BL_20230606.JPG","MABI_009_BR_20230606.JPG","MABI_009_UL_20230606.JPG","MABI_009_UR_20230606.JPG"
"MIMA-009","MIMA","1","Mesic- Flatwoods","Park ata Paul Revere Capture Site Parking lot. Cross road and then follow rock wall at edge of field south.","Black oak, pine forest with rock wall running through plot.",2023,42.447304,-71.279398,FALSE,29,8,2,2,2,7,14,"MIMA_009_BL_20230614.JPG","MIMA_009_BR_20230614.JPG","MIMA_009_UL_20230614.JPG","MIMA_009_UR_20230614.JPG"
"MORR-009","MORR","2","Mesic- Rolling Uplands","from the parking lot where jockey hollow rd and grand parade road meet, the plot is roughly 700m in. Take the trail from the parking lot and stay on it until the first intersection. Take a left at the intersection and then a right around the pond. Head across the stream behind the pond at 180 degrees. Go up slope for awhile, you will pass a carriage road, keep going and you will get there.","Slope is 18%, during QA/QC on 6/29/2007.",2024,40.766913,-74.523207,FALSE,11,2,0,6,0,11,15,"MORR_009_BL_20240522.JPG","MORR_009_BR_20240522.JPG","MORR_009_UL_20240522.JPG","MORR_009_UR_20240522.JPG"
"ROVA-009","ROVA","2","Mesic- Flatwoods","VAMA: right by plot 08, up hill by meadow","MR and BR stakes missing, reset.  UL placed 0.5m back due to rock.
UL, UR, B regen plots moved 0.25m to more accurate location.",2024,41.792265,-73.944925,FALSE,19,0,0.2,11,2,24,31,"ROVA_009_BL_20240529.JPG","ROVA_009_BR_20240529.JPG","ROVA_009_UL_20240529.JPG","ROVA_009_UR_20240529.JPG"
"SAGA-009","SAGA","1","Xeric- Dry Slopes","Take Ravine Trail, cross creek with bridge.  Then go about 50m up hill from swimming hole.","Red oak, red maple, and beech forest.  Located on small ridge where lower 1/3 of plot slopes steeply towards creek, and upper 2/3 of plot slopes toward park boundary.  Chose upper 2/3 of plot to determine azimuth.  USFS plot..",2023,43.5028,-72.372619,FALSE,36,3,0,9,4,9,7,"SAGA_009_BL_20230530.JPG","SAGA_009_BR_20230530.JPG","SAGA_009_UL_20230530.JPG","SAGA_009_UR_20230530.JPG"
"SARA-009","SARA","1","Mesic- Flatwoods","Walked trail to Bloody Knoll (from stop 6), then walked field to plot.","Early successional white pine woodland.  Old field understory. ",2023,43.002412,-73.641518,FALSE,3,1,26.7,7,4,54,7,"SARA_009_BL_20230522.JPG","SARA_009_BR_20230522.JPG","SARA_009_UL_20230522.JPG","SARA_009_UR_20230522.JPG"
"WEFA-009","WEFA","4","Mesic- Rolling Uplands","Contact resource manager to see if it is easiest to park in the culdesac and walk in ~50m. 
Plot center stake is loose due to rock. UR microplot stake  is offset 2 meters: at SD of 6.93m at 45.3 degrees.","Mixed deciduous canopy with no clear dominate species. Sparse mid-story dominated by Betula lenta. Understory dominated by mixed of weedy herbaceous dicots. 2013- changed orientation from 252 to 257",2026,41.259226,-73.453813,FALSE,11,2,13.6,110,0,33,31,"WEFA_009_BL_20260608.JPG","WEFA_009_BR_20260608.JPG","WEFA_009_UL_20260608.JPG","WEFA_009_UR_20260608.JPG"
"MABI-010","MABI","1","Mesic- Moist Slopes and Coves","Took hiking trail from ski trails on northwest side of park.","Hemlock dominated forest.  Small streams running through plot.",2023,43.638782,-72.547128,FALSE,25,5,0,4,1,14,14,"MABI_010_BL_20230607.JPG","MABI_010_BR_20230607.JPG","MABI_010_UL_20230607.JPG","MABI_010_UR_20230607.JPG"
"MIMA-010","MIMA","1","Mesic- Flatwoods","South of Ranger Station about 50m.","Norway maple forest with sparse understory.",2023,42.450306,-71.294099,FALSE,15,6,1.1,22,0,25,27,"MIMA_010_BL_20230613.JPG","MIMA_010_BR_20230613.JPG","MIMA_010_UL_20230613.JPG","MIMA_010_UR_20230613.JPG"
"MORR-010","MORR","2","Mesic- Rolling Uplands","From the trail center parking lot, head up the road in a SW direction. Take the first path to the left of the road (#33) and follow it until the junction. Head SSW at the junction, following that path until about 180m are left. Follow an azimuth of about 200 up the hillside to a stream and you will have located the plot.","Slope 15% during QA/QC on 6/30/2007. ",2024,40.764136,-74.53145,FALSE,13,1,0,13,2,23,15,"MORR_010_BL_20240520.JPG","MORR_010_BR_20240520.JPG","MORR_010_UL_20240520.JPG","MORR_010_UR_20240520.JPG"
"ROVA-010","ROVA","2","Mesic- Moist Slopes and Coves","VAMA: TAKE TRAIL FROM ENTRANCE NEAR TRAIN STATION, GO NORTH ON TRAIL, PLOT IS ON LEFT, TOWARD TRAIN TRACKS","Upper center offset at 12 meters, 90 degree on other side of road. UL offset at 12m, 45 degrees.",2024,41.793144,-73.9455,FALSE,11,0,0.1,100,6,50,22,"ROVA_010_BL_20240530.JPG","ROVA_010_BR_20240530.JPG","ROVA_010_UL_20240530.JPG","ROVA_010_UR_20240530.JPG"
"SAGA-010","SAGA","1","Xeric- Dry Slopes","Ravine trail - cross bridge/creek.  Plot is uphill (N) of creek and about 150m (E) from SAGA9.","Red maple, oak forest.",2023,43.502525,-72.370838,FALSE,30,1,0,10,2,9,3,"SAGA_010_BL_20230530.JPG","SAGA_010_BR_20230530.JPG","SAGA_010_UL_20230530.JPG","SAGA_010_UR_20230530.JPG"
"SARA-010","SARA","1","Mesic- Moist Slopes and Coves","Walked Wilkenson trail through Junction J, then as foot path winds away from plot direction, walked 120 degrees for about 100m.","Plot on slope with apple trees.  Slippery elm and red maple are dominate trees.  Lots of dead elm and large buckthorn.",2023,43.0007,-73.629373,FALSE,20,6,67.8,41,1,74,10,"SARA_010_BL_20230524.JPG","SARA_010_BR_20230524.JPG","SARA_010_UL_20230524.JPG","SARA_010_UR_20230524.JPG"
"WEFA-010","WEFA","4","Mesic- Other Mesic","Park at Weir Farm Lane cul-de-sac. Walk 165m (cross trail) at bearing of 140 degrees. Rock walls parallel to north and west sides of plot. Trail is 17m from plot center.","Mixed hardwood canopy (Acer rubrum, Fraxinus americana, Betula lenta) with wet, mxed shrub and fern understory.",2026,41.258453,-73.45321,FALSE,12,4,1.6,23,1,41,31,"WEFA_010_BL_20260608.JPG","WEFA_010_BR_20260608.JPG","WEFA_010_UL_20260608.JPG","WEFA_010_UR_20260608.JPG"
"MABI-011","MABI","1","Mesic- Moist Slopes and Coves","Take hiking trail from trail head on Prosper Rd. towards fire road (south)","Scott's pine plantation; small stream running through plot.  Redstart plot- did not waypoint. Scott's pine overtops maples.  Hiking trail runs through plot.",2023,43.637225,-72.553451,FALSE,21,3,0,117,11,38,32,"MABI_011_BL_20230605.JPG","MABI_011_BR_20230605.JPG","MABI_011_UL_20230605.JPG","MABI_011_UR_20230605.JPG"
"MIMA-011","MIMA","3","Mesic- Floodplains/Bottomlands","Park at overflow parking, walk past old manse, through orchard, and take trail along river bank to the left of the small boathouse. Bushwalk 60 m to plot when perpendicular. Bring boots, gets a bit wet!","Hardwood mix w/ creek, vines in understory. Very wet.",2025,42.467029,-71.350077,FALSE,8,1,36.9,23,2,55,20,"MIMA_011_BL_20250616.JPG","MIMA_011_BR_20250616.JPG","MIMA_011_UL_20250616.JPG","MIMA_011_UR_20250616.JPG"
"MORR-011","MORR","2","Mesic- Moist Slopes and Coves","head SSW from plot 010 less than 200m, crossing a stream and gaining some elevation.","Beech/tulip popar forest with little understory.",2024,40.763202,-74.532167,FALSE,11,1,1.7,34,0,17,13,"MORR_011_BL_20240521.JPG","MORR_011_BR_20240521.JPG","MORR_011_UL_20240521.JPG","MORR_011_UR_20240521.JPG"
"ROVA-011","ROVA","2","Mesic- Flatwoods","from historic train station, take road across stream toward hudson, take trail north, plot is on right near edge of field.","Mapely plot with moderate CWD and little herbaceous layer.",2024,41.795036,-73.944603,FALSE,11,2,0,7,4,17,24,"ROVA_011_BL_20240529.JPG","ROVA_011_BR_20240529.JPG","ROVA_011_UL_20240529.JPG","ROVA_011_UR_20240529.JPG"
"SAGA-011","SAGA","3","Mesic- Moist Slopes and Coves","Enter field at overflow parking and walk to Blow-down-return trail (approach plot from the west). Plot is 50m off the trail, mid-way down the slope. Do not approach from the east (plot 12) because you will have to cross steep ravine. GPS tends to lose signal when you're down in the ravine and will send you in cirlces. Take bearing a the ridge line before entering the ravine.","Plot slope down was recorded as positive 25degrees- not sure if it really was positive, or if the data was recorded incorrectly.  No regen in UL. ",2025,43.500143,-72.373366,FALSE,20,4,0.1,13,0,26,30,"SAGA_011_BL_20250609.JPG","SAGA_011_BR_20250609.JPG","SAGA_011_UL_20250609.JPG","SAGA_011_UR_20250609.JPG"
"SARA-011","SARA","1","Mesic- Flatwoods","Park before stop 8, take Wilkenson trail about 400m from road, then go about 3 m. north of trail.","Red maple and big-toothed aspen with fern understory.",2023,43.006868,-73.625531,FALSE,12,2,0.1,6,1,35,31,"SARA_011_BL_20230525.JPG","SARA_011_BR_20230525.JPG","SARA_011_UL_20230525.JPG","SARA_011_UR_20230525.JPG"
"MABI-012","MABI","1","Mesic- Rolling Uplands","Parked at Carraige trail head on Prosper Rd.  Took carraige trails around Pogue, then south.","European larch plantation.  Deer scat on plot. No coord accuracy; Keeton GPS Coordinates",2023,43.628941,-72.536248,FALSE,19,3,0,105,0,21,15,"MABI_012_BL_20230607.JPG","MABI_012_BR_20230607.JPG","MABI_012_UL_20230607.JPG","MABI_012_UR_20230607.JPG"
"MIMA-012","MIMA","3","Mesic- Floodplains/Bottomlands","Park at Miriam's Corner lot. During dry years, cross road, then stream bordering forest. In wet years, enter forest and follow bird trail to plot. Bring BIG YELLOW.","Floodplain, barberry and vines in the understory, sparse maple canopy.

2016 - Barberry is nearly absent, plot dominated by Rhamnus and various vines. Very dense.",2025,42.456745,-71.321806,FALSE,7,5,35.9,8,5,49,17,"MIMA_012_BL_20250616.JPG","MIMA_012_BR_20250616.JPG","MIMA_012_UL_20250616.JPG","MIMA_012_UR_20250616.JPG"
"MORR-012","MORR","2","Mesic- Rolling Uplands","head upslope SSW from plot 11, traveling about 200m","Medium barberry, nice opening around plot center. Hickory/Birch/Beech canopy.",2024,40.761693,-74.533327,FALSE,14,0,54.2,9,0,11,21,"MORR_012_BL_20240521.JPG","MORR_012_BR_20240521.JPG","MORR_012_UL_20240521.JPG","MORR_012_UR_20240521.JPG"
"ROVA-012","ROVA","2","Mesic- Rolling Uplands","take road north from visitor center parking lot.  Turn west into forest at edge of field.","Took a new waypoint in 2011. Giant Liriodendron and Quecus . Lots of burning bush in understory.",2024,41.799908,-73.942573,FALSE,9,0,30.9,13,0,23,15,"ROVA_012_BL_20240530.JPG","ROVA_012_BR_20240530.JPG","ROVA_012_UL_20240530.JPG","ROVA_012_UR_20240530.JPG"
"SAGA-012","SAGA","3","Mesic- Flatwoods","enter overflow parking field and turn left. Park and enter woods - 100 m.","Hemlock stand with white pine emmergents, very open understory. Gap in center of plot.  Missing Plot Slope DN. ",2025,43.499766,-72.372627,FALSE,19,2,0,0,1,6,11,"SAGA_012_BL_20250609.JPG","SAGA_012_BR_20250609.JPG","SAGA_012_UL_20250609.JPG","SAGA_012_UR_20250609.JPG"
"SARA-012","SARA","1","Mesic- Moist Slopes and Coves","Parked at creek after stop 2, then hiked about 230 m at 130-150 degrees.  Dense prickly ash thicket.","Honeysuckle thicket- near small creek.  Opening at upper center.  Several deer trails running through plot.  Percent slope for plot measured from plot center to LC, because too dense to see beyond.",2023,42.989909,-73.638151,FALSE,2,3,82.6,11,3,59,13,"SARA_012_BL_20230525.JPG","SARA_012_BR_20230525.JPG","SARA_012_UL_20230525.JPG","SARA_012_UR_20230525.JPG"
"MABI-013","MABI","3","Mesic- Moist Slopes and Coves","parked at shed 100m up from Belvedere. To the left carrige road","Compass, used only to find plot center, was set to declination of 14.. Due to small boulder, BC post is located 3m (horizontal distance)  directly behind actual BC point. Small white x left on rock with paint marker.
Also the post of BL is located 0.5 m closer to plot center than actual BL point because of rock.

Orientation changed to 334

MIXED HARDWOOD/HEMLOCK WITH LARGE WHITE PINES OUTSIDE PLOT PERIMETER. SLOPE LEVELS OFF IN BOTTOM OF PLOT IN MOIST COVE/BENCH. SOME STUMP EVIDENCE OF MANAGEMENT.",2025,43.629713,-72.523239,FALSE,13,1,0,27,1,20,19,"MABI_013_BL_20250611.JPG","MABI_013_BR_20250611.JPG","MABI_013_UL_20250611.JPG","MABI_013_UR_20250611.JPG"
"MIMA-013","MIMA","3","Mesic- Rolling Uplands","Park at heartwell tavern parking","Mixed hardwoordforest.  Poison ivy!!",2025,42.451938,-71.291763,FALSE,11,2,20.8,16,1,27,16,"MIMA_013_BL_20250617.JPG","MIMA_013_BR_20250617.JPG","MIMA_013_UL_20250617.JPG","MIMA_013_UR_20250617.JPG"
"MORR-013","MORR","2","Mesic- Floodplains/Bottomlands","follow primrose path in a northernly direction","skunk cabbage seepy areas surrounding plot, boots highly suggested",2024,40.766336,-74.52974,FALSE,16,1,0,26,2,35,31,"MORR_013_BL_20240521.JPG","MORR_013_BR_20240521.JPG","MORR_013_UL_20240521.JPG","MORR_013_UR_20240521.JPG"
"ROVA-013","ROVA","2","Mesic- Flatwoods","take trail north, on left toward railroad tracks","Norway spruce plantation tucked between train tracks and the VAMA carriage road. Mostly even aged spruce stand with moderate herb cover.",2024,41.803244,-73.942915,FALSE,13,2,0.1,112,0,32,17,"ROVA_013_BL_20240530.JPG","ROVA_013_BR_20240530.JPG","ROVA_013_UL_20240530.JPG","ROVA_013_UR_20240530.JPG"
"SAGA-013","SAGA","3","Mesic- Rolling Uplands","Take Blow-Me-Down trail until 30m from plot.","On edge of bench between slopes. Very little ground cover.",2025,43.500947,-72.375842,FALSE,20,10,0,0,2,9,8,"SAGA_013_BL_20250609.JPG","SAGA_013_BR_20250609.JPG","SAGA_013_UL_20250609.JPG","SAGA_013_UR_20250609.JPG"
"SARA-013","SARA","1","Mesic- Moist Slopes and Coves","Took trail at stop 4 south about 100m. Cross bridge and follow bird route 400m. Located in Middle Ravine.","Bitternut hickory, sugar maple dominated forest.  Open understory- few shrubs/seedlings.",2023,42.997155,-73.634875,FALSE,22,2,9.4,51,1,55,23,"SARA_013_BL_20230523.JPG","SARA_013_BR_20230523.JPG","SARA_013_UL_20230523.JPG","SARA_013_UR_20230523.JPG"
"MABI-014","MABI","3","Mesic- Rolling Uplands","Park car at field next to pony shed.","White pine and mixed hardwoods on a hill.
JSW:Apect was recorded as 300, while orientation is 302. Check to see if aspect is actually 120.",2025,43.631298,-72.522008,FALSE,19,4,0,21,1,12,15,"MABI_014_BL_20250610.JPG","MABI_014_BR_20250610.JPG","MABI_014_UL_20250610.JPG","MABI_014_UR_20250610.JPG"
"MIMA-014","MIMA","3","Mesic- Rolling Uplands","Park in Voc. School parking. Plot just off road.","Oak canopy with white pine subcanopy. Sparse ground cover",2025,42.447715,-71.270914,FALSE,20,0,8.1,1,5,24,24,"MIMA_014_BL_20250618.JPG","MIMA_014_BR_20250618.JPG","MIMA_014_UL_20250618.JPG","MIMA_014_UR_20250618.JPG"
"MORR-014","MORR","2","Mesic- Rolling Uplands","park at soldier huts, follow trail south across stream, head up dirt road- gate at top of exclosure","Not a GRTS site- established to monitor deer exclosure. ",2024,40.771312,-74.539457,FALSE,7,0,0,37,14,17,21,"MORR_014_BL_20240522.JPG","MORR_014_BR_20240522.JPG","MORR_014_UL_20240522.JPG","MORR_014_UR_20240522.JPG"
"ROVA-014","ROVA","2","Hydric- Other Hydric","from power station, head north along road for about 100m. cross river.",NA,2024,41.792191,-73.940822,FALSE,8,10,35.3,0,3,68,17,"ROVA_014_BL_20240603.JPG","ROVA_014_BR_20240603.JPG","ROVA_014_UL_20240603.JPG","ROVA_014_UR_20240603.JPG"
"SAGA-014","SAGA","3","Mesic- Moist Slopes and Coves","Head about 300 m down Blow-Me-Down Trail, and cross ravine","Mixed hardwoods, with very little regeneration.",2025,43.499819,-72.374938,FALSE,14,4,0,8,0,26,25,"SAGA_014_BL_20250605.JPG","SAGA_014_BR_20250605.JPG","SAGA_014_UL_20250605.JPG","SAGA_014_UR_20250605.JPG"
"SARA-014","SARA","1","Mesic- Moist Slopes and Coves","Hiked south about 175meters from Hwy 32 through prickly ash thickets.","Early successional forest in ravine understory dominated by goldenrod and some bidens.  Canopy dominated by white oak and slippery elm.  Small stream on lower edge of plot.  Several deer trails present in plot.. ",2023,42.978246,-73.640223,FALSE,21,6,1.2,14,4,64,15,"SARA_014_BL_20230524.JPG","SARA_014_BR_20230524.JPG","SARA_014_UL_20230524.JPG","SARA_014_UR_20230524.JPG"
"MABI-015","MABI","3","Mesic- Flatwoods","Off of North Ridge trail, take side trail. Plot is about 40 m off trail.","Existing plot, from Keeton study(Redstart St_ID=20, SID=018). Plot center only marked with pvc tube. Pine and red maple, with young understory off hardwoods and little ground cover. 2016 - plot cut after last visit. Small area around plot center left mostly intact but sides of plot impacted. Canopy is open, but complete subcanopy layer that almost entirely shades plot.",2025,43.639054,-72.542616,FALSE,15,2,0,19,12,18,22,"MABI_015_BL_20250609.JPG","MABI_015_BR_20250609.JPG","MABI_015_UL_20250609.JPG","MABI_015_UR_20250609.JPG"
"MIMA-015","MIMA","3","Mesic- Floodplains/Bottomlands","Park on Airport Road.","Fern understory, acer rubrum canopy. Mucky temp stream. Changed orientation from 345 to 348. 2016.  Lots of  TOX at BL, ML and UP.  Changed orientation from 360 to 345 - 2012.",2025,42.451507,-71.270455,FALSE,13,1,4.6,16,1,50,29,"MIMA_015_BL_20250617.JPG","MIMA_015_BR_20250617.JPG","MIMA_015_UL_20250617.JPG","MIMA_015_UR_20250617.JPG"
"MORR-015","MORR","2","Mesic- Moist Slopes and Coves","follow Patriot's path from it's start just before the Cross Estate","Near a stream.  Lowish diversity for understory.",2024,40.750949,-74.552296,FALSE,10,1,14.7,22,1,20,22,"MORR_015_BL_20240523.JPG","MORR_015_BR_20240523.JPG","MORR_015_UL_20240523.JPG","MORR_015_UR_20240523.JPG"
"ROVA-015","ROVA","2","Mesic- Moist Slopes and Coves","Starting out in the parkinglot across route 9 from the FDR visitors center (for the Hudson River Senic Land Trust), it is just over 1km to the plot center. Follow the main trail as far as you can, then follow an azimuth of about 150 degrees until you get there. You will cross several small trails and possibly an intense section of blowdown just before you arrive at the plot. It is on top of the slope.","We oriented it facing north, as it is at the top of a slope that seems to fall away on all sides from the midpoint. Plot slopes down both sides from center, so plot slope of 1 is misleading. Also, we found a geocache on the plot, so it may experience some foot traffic though not on a path.. ",2024,41.763138,-73.920789,FALSE,19,8,0,27,3,26,17,"ROVA_015_BL_20240528.JPG","ROVA_015_BR_20240528.JPG","ROVA_015_UL_20240528.JPG","ROVA_015_UR_20240528.JPG"
"SAGA-015","SAGA","3","Mesic- Moist Slopes and Coves","Near entrance of Blow-Me-Down trail","Mixed hardwoods with some hemlock down slope from meadow; sparse understory.",2025,43.501157,-72.374781,FALSE,19,5,0,7,3,8,12,"SAGA_015_BL_20250610.JPG","SAGA_015_BR_20250610.JPG","SAGA_015_UL_20250610.JPG","SAGA_015_UR_20250610.JPG"
"SARA-015","SARA","1","Mesic- Floodplains/Bottomlands","Parked about 400m north of hwy4/32 intersection.  Then went about 140 meters at 150 degrees.  Crossed over small stream on a beaver dam.  Plot would be very wet and mucky after a rain.","Silver maple/black ash forest, dominated by a reed canary grass and sensitive fern herb layer.  Mucky soils, though easily walkable when dry.  Would not suggest sampling this plot if wet.. ",2023,42.975739,-73.628665,FALSE,12,15,0,9,0,30,14,"SARA_015_BL_20230525.JPG","SARA_015_BR_20230525.JPG","SARA_015_UL_20230525.JPG","SARA_015_UR_20230525.JPG"
"MABI-016","MABI","3","Xeric- Dry Slopes","From North Ridge loop, head upslope to plot; it is on south side of ridge. 2025 we went from upslope down to plot (after sampling 15) and it is less steep that way, but more driving.","Existing MABI plot from Keeton study. Keeton plot # 34.. Northern Hardwoods, with large tree fall through plot center",2025,43.63699,-72.538324,FALSE,10,0,0,47,5,15,30,"MABI_016_BL_20250609.JPG","MABI_016_BR_20250609.JPG","MABI_016_UL_20250609.JPG","MABI_016_UR_20250609.JPG"
"MIMA-016","MIMA","3","Mesic- Rolling Uplands","Park at John Nelson house across the street.","Thick Rhamnus, probably reverting from old field.",2025,42.448304,-71.275276,FALSE,4,10,77.5,25,0,21,14,"MIMA_016_BL_20250617.JPG","MIMA_016_BR_20250617.JPG","MIMA_016_UL_20250617.JPG","MIMA_016_UR_20250617.JPG"
"MORR-016","MORR","4","Mesic- Rolling Uplands","50m west of Jockey Hollow Road.","~30 % barberry understory.  Tulip Poplar and black birch forest.",2026,40.763258,-74.546242,FALSE,9,4,37.1,95,0,31,19,"MORR_016_BL_20260518.JPG","MORR_016_BR_20260518.JPG","MORR_016_UL_20260518.JPG","MORR_016_UR_20260518.JPG"
"ROVA-016","ROVA","2","Mesic- Flatwoods","Park at trailhead off of route 9G and follow the main trail for about 200m. Then head SSE for about another 100m and you will arrive at this location.","Over grown pine plantation - very healthy poison ivy.",2024,41.761505,-73.910062,FALSE,20,4,0,34,2,34,23,"ROVA_016_BL_20240604.JPG","ROVA_016_BR_20240604.JPG","ROVA_016_UL_20240604.JPG","ROVA_016_UR_20240604.JPG"
"SAGA-016","SAGA","3","Mesic- Moist Slopes and Coves","in off ravine trail, 30 m  behind studio, 74 degrees","VERY steep slope. steep NE hemlock slope above stream",2025,43.501599,-72.368565,FALSE,21,4,0,0,0,10,18,"SAGA_016_BL_20250604.JPG","SAGA_016_BR_20250604.JPG","SAGA_016_UL_20250604.JPG","SAGA_016_UR_20250604.JPG"
"SARA-016","SARA","1","Mesic- Moist Slopes and Coves","Walked old battlefield road through field, then into forest.  Plot about 20m from park boundary.","Early successional forest.  Slippery elm and ash canopy (sparse).  Elm, buckthorn, and dogwood trall shrub layer (sparse).  Sensitive fern herb layer (dense).
GPS lost differential while navigating, then gained for waypoint.. ",2023,43.00031,-73.655686,FALSE,20,4,18.7,42,1,64,16,"SARA_016_BL_20230522.JPG","SARA_016_BR_20230522.JPG","SARA_016_UL_20230522.JPG","SARA_016_UR_20230522.JPG"
"MABI-017","MABI","3","Mesic- Moist Slopes and Coves","Park at Prosper Hill rd. trail head parking lot. Enter trail to the east.","Keeton plot #60.  Red pine stand w/ mixed hardwoods/white pine understory. Cut before 2012.",2025,43.638946,-72.551832,FALSE,21,5,0,282,19,27,24,"MABI_017_BL_20250611.JPG","MABI_017_BR_20250611.JPG","MABI_017_UL_20250611.JPG","MABI_017_UR_20250611.JPG"
"MIMA-017","MIMA","3","Mesic- Floodplains/Bottomlands","Park opposite farm stand, near field.  Plot about 150m, just inside forest.","Vernal pools throughout, with Red maple, and moderate Glossy buckthorn, bring boots if there has been lots of rain",2025,42.455249,-71.315622,FALSE,24,1,12.7,28,3,40,22,"MIMA_017_BL_20250616.JPG","MIMA_017_BR_20250616.JPG","MIMA_017_UL_20250616.JPG","MIMA_017_UR_20250616.JPG"
"MORR-017","MORR","4","Mesic- Rolling Uplands","SW from trail. Leave the trail before the dense barberry when still at least 50 m from plot. Hike up hill through the light barbery so you can hit the plot from directly up slope, avoids the worse barberry.","Thick barberry understory with black locust canopy- windthrow in center of plot. 2013: changed azimuth from 212 to 209.",2026,40.758632,-74.547482,FALSE,6,1,76.3,3,0,15,21,"MORR_017_BL_20260521.JPG","MORR_017_BR_20260521.JPG","MORR_017_UL_20260521.JPG","MORR_017_UR_20260521.JPG"
"ROVA-017","ROVA","2","Mesic- Floodplains/Bottomlands","Take main trail from trail head/ parking lot on rte 9G.   More than 500m from trail head.  Plot is 40m from trail.","Oak forest with half of plot a perennial wetland.  Galoshes may be useful for muck, though standing water is unlikely.",2024,41.763138,-73.916073,FALSE,10,4,0,28,3,43,28,"ROVA_017_BL_20240528.JPG","ROVA_017_BR_20240528.JPG","ROVA_017_UL_20240528.JPG","ROVA_017_UR_20240528.JPG"
"SAGA-017","SAGA","3","Mesic- Moist Slopes and Coves","Start at ravine studio. Follow Ravine trail to creek. Due N from where trail turns W","South facing hardwood rocky slope.  20 meters above perennial stream.  Small drainage flows through eastern side of plot.",2025,43.502494,-72.36912,FALSE,18,1,0.1,18,1,23,32,"SAGA_017_BL_20250604.JPG","SAGA_017_BR_20250604.JPG","SAGA_017_UL_20250604.JPG","SAGA_017_UR_20250604.JPG"
"SARA-017","SARA","3","Mesic- Flatwoods","Parked at trailhead and walk 140 degrees acroos field about 120m.  Plot is near edge of field.","Oak forest with large trees and fairly open understory. Lots of high bush blueberry in plot.  Vernal pools around plot and open field near upper boundary.",2025,43.001435,-73.623763,FALSE,3,0,0,22,26,20,13,"SARA_017_BL_20250529.JPG","SARA_017_BR_20250529.JPG","SARA_017_UL_20250529.JPG","SARA_017_UR_20250529.JPG"
"MABI-018","MABI","3","Mesic- Moist Slopes and Coves","Park at carrige rd. entrance off prospect rd- 15 metersfrom carrige road","Existing plot.  Redstart St_ID:20, SID:037. 15 metersfrom carrige road on moist slope. Park at carrige rd. entrance off Prospect Rd.  Changed orientation from 174 to 179.",2025,43.637379,-72.548437,FALSE,18,2,0,63,7,19,37,"MABI_018_BL_20250611.JPG","MABI_018_BR_20250611.JPG","MABI_018_UL_20250611.JPG","MABI_018_UR_20250611.JPG"
"MIMA-018","MIMA","3","Mesic- Floodplains/Bottomlands","Park at Hartwell Tavern, Turn off Battle Road and walk along Battle Trail around sharp bend, through field. Follow path off trail along rock wall for 100 meters. Turn right across wall and walk 200 meters.
Alternate route - Park at Lincoln North office building off of Virginia Rd from the north.  Access trail into park and then bushwack as described above.","Moist site, transition between open marsh and forest. Rock wall runs from top to bottom of plot. Could be quite wet after rain.  No rebar at upper left micro due to it being in a literal tree fork.",2025,42.457967,-71.300496,FALSE,14,0,10,9,1,42,31,"MIMA_018_BL_20250618.JPG","MIMA_018_BR_20250618.JPG","MIMA_018_UL_20250618.JPG","MIMA_018_UR_20250618.JPG"
"MORR-018","MORR","4","Xeric- Dry Slopes","Hike Patriot's path from Cross Estate house ~500m, then 130m @ 98degrees down slope.","Rocky slope with beech and sparse understory with some barberry. 2013- changed orientation from 274 to 277",2026,40.748416,-74.554244,FALSE,7,0,51.2,6,0,16,23,"MORR_018_BL_20260521.JPG","MORR_018_BR_20260521.JPG","MORR_018_UL_20260521.JPG","MORR_018_UR_20260521.JPG"
"ROVA-018","ROVA","2","Mesic- Rolling Uplands","take black trail in from 9g.  Or, take yellow tail from Farm Lane, trail goes through plot corner.","beach, oak, hemlock forest with little understory.  Near a large vernal pool NW of plot

BL is offset 1 m closer to avoid trail.",2024,41.765427,-73.914206,FALSE,19,2,0,22,1,9,15,"ROVA_018_BL_20240604.JPG","ROVA_018_BR_20240604.JPG","ROVA_018_UL_20240604.JPG","ROVA_018_UR_20240604.JPG"
"SAGA-018","SAGA","3","Mesic- Moist Slopes and Coves","trail off of main road","Slope by stream. North facing slope, stream running through and sparse understory.",2025,43.491303,-72.376581,FALSE,14,0,0,3,2,21,25,"SAGA_018_BL_20250610.JPG","SAGA_018_BR_20250610.JPG","SAGA_018_UL_20250610.JPG","SAGA_018_UR_20250610.JPG"
"SARA-018","SARA","3","Mesic- Flatwoods","Park at trailhead. Go straight through intersection. Plot is off the trail to the left","Flat hickory/maple forest with fern understory.",2025,43.006167,-73.624921,FALSE,16,2,0,4,0,22,28,"SARA_018_BL_20250527.JPG","SARA_018_BR_20250527.JPG","SARA_018_UL_20250527.JPG","SARA_018_UR_20250527.JPG"
"MABI-019","MABI","3","Mesic- Moist Slopes and Coves","Take carriage road up from east side of park, past forest center; plot center is about 20 m from carriage road.","Existing MABI silvicultural inventory plot (Redstart St_ID:44, SID:104); about 30 m from GRTS location. Hemlock-yellow birch slope with fern understory. 2016 - plot cut since 2012. changed orientation from 220 to 214.",2025,43.633467,-72.525291,FALSE,7,0,0.1,402,3,29,27,"MABI_019_BL_20250612.JPG","MABI_019_BR_20250612.JPG","MABI_019_UL_20250612.JPG","MABI_019_UR_20250612.JPG"
"MIMA-019","MIMA","3","Mesic- Flatwoods","Park on Airport road in pull out past trail crossing. Walk back along road until you get to the crosswalk sign and then cut in.","Includes portions of swamp. Dry top to low, very wet wetland, permanant standing water. When visited in 2012 , found deep water in places. Rain boots or waders necessary. 2016 - no standing water, but mucky.",2025,42.449968,-71.270387,FALSE,28,2,20.8,8,0,25,23,"MIMA_019_BL_20250617.JPG","MIMA_019_BR_20250617.JPG","MIMA_019_UL_20250617.JPG","MIMA_019_UR_20250617.JPG"
"MORR-019","MORR","4","Mesic- Moist Slopes and Coves","walked in from Sugar Loaf Road. 204degrees from driveway of school.  Plot on slope of small ravine- lots of BERTHU","White pine, ash, locust; mixed hardwood.",2026,40.77869,-74.52848,FALSE,3,2,116.5,1,0,9,15,"MORR_019_BL_20260518.JPG","MORR_019_BR_20260518.JPG","MORR_019_UL_20260518.JPG","MORR_019_UR_20260518.JPG"
"ROVA-019","ROVA","2","Mesic- Rolling Uplands","take hyde park trail in, AKA Elenor's Walk loop trail.  About 20 m south of trail.","Oak canopy with some understory, yet quite open.",2024,41.758235,-73.895814,FALSE,13,1,0,30,1,25,13,"ROVA_019_BL_20240606.JPG","ROVA_019_BR_20240606.JPG","ROVA_019_UL_20240606.JPG","ROVA_019_UR_20240606.JPG"
"SAGA-019","SAGA","3","Mesic- Moist Slopes and Coves","Off of Blow-me-down trail","Mixedwood slope with flat creek bed at bottom. Very steep. Had a check tab error because we measured an intermediate as being aller than a codominant tree, but codominant was at the top of a steep slope therefore could be in the top layer of the canopy while also being shorter than an intermediate down slope.",2025,43.502346,-72.37797,FALSE,31,2,0,0,0,12,17,"SAGA_019_BL_20250604.JPG","SAGA_019_BR_20250604.JPG","SAGA_019_UL_20250604.JPG","SAGA_019_UR_20250604.JPG"
"SARA-019","SARA","3","Mesic- Flatwoods","Plot south of trail, above ravine. Best to walk in from trail that plot is closest to, rather than hiking in from road and across honeysuckle filled ravine, which is the shortest distance to the plot.","Pinus strobus and Prunus serotina canopy with Lonicera - exotic prevalent in understory.  Site is at the edge of a ravine.",2025,43.007007,-73.628841,FALSE,12,5,40.1,122,1,54,16,"SARA_019_BL_20250526.JPG","SARA_019_BR_20250526.JPG","SARA_019_UL_20250526.JPG","SARA_019_UR_20250526.JPG"
"MABI-020","MABI","3","Mesic- Moist Slopes and Coves","Use carriage road to access ski shelter, park in field beside trail and walk along the ravine on the ridge (park boundary?).","Hemlock forest with fern understory, stream (Pogue Brook?) immediately below plot.  MABI Silvicultural Inventory: Stand 38, Plot 2. Keeton Plot # 7. BC in creek, BL across creek.",2025,43.635245,-72.527982,FALSE,13,1,0,5,0,31,27,"MABI_020_BL_20250612.JPG","MABI_020_BR_20250612.JPG","MABI_020_UL_20250612.JPG","MABI_020_UR_20250612.JPG"
"MIMA-020","MIMA","3","Mesic- Moist Slopes and Coves","Park  on shadyside Road","POISON IVY. SW facing Norway maple, ash and willow on edge of cattail swamp.",2025,42.454694,-71.310105,FALSE,10,3,3.6,0,9,25,18,"MIMA_020_BL_20250618.JPG","MIMA_020_BR_20250618.JPG","MIMA_020_UL_20250618.JPG","MIMA_020_UR_20250618.JPG"
"MORR-020","MORR","4","Mesic- Flatwoods","hike in via trail, then cut south.  Old forest plot nearby.  Post near UR microplot.","EAB aftermath. All trees on plot have died, leaving the canopy very open and the understory is filling in with Berberis, Rosa multiflora, and Ligustrum.",2026,40.774941,-74.530272,FALSE,0,4,48.6,20,0,30,18,"MORR_020_BL_20260519.JPG","MORR_020_BR_20260519.JPG","MORR_020_UL_20260519.JPG","MORR_020_UR_20260519.JPG"
"ROVA-020","ROVA","2","Mesic- Rolling Uplands","trail maps don’t include all trails- just follow whichever heads in the right direction at each fork- it is actually right next to a trail","GPS beacon not working
6/6/11 BR .1 m towards MR due to tree root.  UR & BC regen reset.  JLF",2024,41.769388,-73.92072,FALSE,21,3,0,14,4,31,34,"ROVA_020_BL_20240528.JPG","ROVA_020_BR_20240528.JPG","ROVA_020_UL_20240528.JPG","ROVA_020_UR_20240528.JPG"
"SAGA-020","SAGA","3","Mesic- Flatwoods","Plot center lies 15 m East of  trail.","Hardwood flat just east of trail.  Almost to end of trail (near Blow-me-down stream)",2025,43.50317,-72.378553,FALSE,13,1,0,38,4,30,29,"SAGA_020_BL_20250604.JPG","SAGA_020_BR_20250604.JPG","SAGA_020_UL_20250604.JPG","SAGA_020_UR_20250604.JPG"
"SARA-020","SARA","3","Mesic- Moist Slopes and Coves","Park at tour spot 6, go down west trail past bloody knoll to cannon. Enter woods at bearing of 120. Down slope and over stream.","Mid-slope bench, white pine forest, sensitive fern understory",2025,43.000653,-73.632932,FALSE,11,3,1.2,43,4,61,19,"SARA_020_BL_20250527.JPG","SARA_020_BR_20250527.JPG","SARA_020_UL_20250527.JPG","SARA_020_UR_20250527.JPG"
"MABI-021","MABI","3","Mesic- Moist Slopes and Coves","off carriage road across creek and skid trail","2 events Keeton Plot #12; GPS_2: X=698709, Y=483948. Hemlock slope above stream. Beech regeneration.  Reset orientation to 175 from 178.",2025,43.63186,-72.536749,FALSE,9,3,0,5,3,8,25,"MABI_021_BL_20250611.JPG","MABI_021_BR_20250611.JPG","MABI_021_UL_20250611.JPG","MABI_021_UR_20250611.JPG"
"MORR-021","MORR","4","Mesic- Flatwoods","Due West and downhill from trail intersection with road, or park at white house, 335degrees at ~100.","Liriodendron and Fraxinus, barberry understory. Rock wall just NE of plot. 2013 changed orientation from 111 to 108.",2026,40.774141,-74.528405,FALSE,3,1,85.8,42,1,20,17,"MORR_021_BL_20260518.JPG","MORR_021_BR_20260518.JPG","MORR_021_UL_20260518.JPG","MORR_021_UR_20260518.JPG"
"ROVA-021","ROVA","4","Xeric- Dry Slopes","Walk 55 meters southwest from Meadow Trail at bottom of loop.","Hickory and maple Canopy with sparse understory situated on rock outcroppings",2026,41.760923,-73.938245,FALSE,21,5,0,8,1,28,26,"ROVA_021_BL_20260527.JPG","ROVA_021_BR_20260527.JPG","ROVA_021_UL_20260527.JPG","ROVA_021_UR_20260527.JPG"
"SAGA-021","SAGA","3","Mesic- Moist Slopes and Coves","Plot center
< 10 meters from blow me down trail","Beech/maple hardwood forest.  Blow-me-down trail runs through bottom right. Changed orientation from 60 to 57.",2025,43.500595,-72.375016,FALSE,9,0,0,12,3,14,20,"SAGA_021_BL_20250605.JPG","SAGA_021_BR_20250605.JPG","SAGA_021_UL_20250605.JPG","SAGA_021_UR_20250605.JPG"
"SARA-021","SARA","3","Mesic- Flatwoods","Park at tour spot 6, take bearing from cannon.","White pine and mixed hardwood, drained by ravine",2025,43.002379,-73.63417,FALSE,23,6,5.2,7,0,64,10,"SARA_021_BL_20250527.JPG","SARA_021_BR_20250527.JPG","SARA_021_UL_20250527.JPG","SARA_021_UR_20250527.JPG"
"MABI-022","MABI","3","Mesic- Moist Slopes and Coves","NO DIRECTIONS ENTERED YET","North facing Hemlock/hardwood plot with sparse understory.",2025,43.631617,-72.535494,FALSE,14,2,0,4,1,8,13,"MABI_022_BL_20250611.JPG","MABI_022_BR_20250611.JPG","MABI_022_UL_20250611.JPG","MABI_022_UR_20250611.JPG"
"MORR-022","MORR","4","Mesic- Flatwoods","Park at trail head, take bearig of 250degrees for ~ 100m.","Quercus alba and Fraxinus with Hamamelis virginiana, Berberis thunbergii and New York fern. Changed orintation from 360 to 5 on 5/29/13",2026,40.769564,-74.543984,FALSE,5,2,42.2,85,4,32,23,"MORR_022_BL_20260520.JPG","MORR_022_BR_20260520.JPG","MORR_022_UL_20260520.JPG","MORR_022_UR_20260520.JPG"
"ROVA-022","ROVA","4","Mesic- Rolling Uplands","From bottom of loop on Meadow Trail, go 100m. 2022: meadow trail not mowed as far. Walked from grocery store parking lot, through gate in fence 375 m to plot. Pass park maintenance yard.","Acer nigrum and Quercus rubrua canopy with very sparse understory. 2013-changed orientation to 114 from 113",2026,41.760867,-73.937091,FALSE,14,4,0,29,0,16,23,"ROVA_022_BL_20260527.JPG","ROVA_022_BR_20260527.JPG","ROVA_022_UL_20260527.JPG","ROVA_022_UR_20260527.JPG"
"SARA-022","SARA","3","Mesic- Flatwoods","Best way to plot is to stay on flat ground at same elevation as plot 24 and 22, and to walk in from road that is southwest of the plot. Sampling 24 first, then 22 is a good option. Avoid walking in via the ravines- loaded with honeysuckle and multiflora rose.","White pine stand, sensitive fern, jack-in-the-pulpit. Orientation was recorded as 360, but was off in the field. In 2012 we corrected the orientation to 342.",2025,42.996133,-73.63675,FALSE,12,2,12.1,49,1,52,18,"SARA_022_BL_20250528.JPG","SARA_022_BR_20250528.JPG","SARA_022_UL_20250528.JPG","SARA_022_UR_20250528.JPG"
"MABI-023","MABI","3","Hydric- Swamps/Bogs","Meadow Pasture trail, left at intersection","Most of plot is a bit wet, especially following heavy rains. Boots strongly recommended.",2025,43.635465,-72.539825,FALSE,23,0,0,20,17,50,18,"MABI_023_BL_20250612.JPG","MABI_023_BR_20250612.JPG","MABI_023_UL_20250612.JPG","MABI_023_UR_20250612.JPG"
"MORR-023","MORR","4","Mesic- Rolling Uplands","Park where trail crosses Tempe Wicke Road. When trail T's head uphill ~250m. 2017- a new trail appears to be being built that passes directly by the plot. Take the right fork and then look for flagging and/or a trail head up hill on the left.","Carya-Liriodendron- Betula- Acer canopy with Berberis thunbergii understory.",2026,40.761011,-74.536294,FALSE,9,1,65.3,9,0,17,20,"MORR_023_BL_20260519.JPG","MORR_023_BR_20260519.JPG","MORR_023_UL_20260519.JPG","MORR_023_UR_20260519.JPG"
"ROVA-023","ROVA","4","Hydric- Small Drain","Park at service (NPS) area. Walk through private property along trail with rock walls along both sides.  About 40m into trail a very large sycamore. Plot center is about 216 degrees and near where channels diverge.","Moist drainage with Acer and LIRTUL canopy, with low Symplocarpus foetidus and Microstegium vinemeum herb layer. 2013- changed orientation from 118 to 122. Lots of stinging nettle in the lower portion of the plot, thicker pants are recommended.",2026,41.77034,-73.936874,FALSE,9,0,15,24,0,35,30,"ROVA_023_BL_20260602.JPG","ROVA_023_BR_20260602.JPG","ROVA_023_UL_20260602.JPG","ROVA_023_UR_20260602.JPG"
"SARA-023","SARA","3","Mesic- Flatwoods","Park at visitor center, walk about 250 m along tour road, then cut right into the woods.","Pine and mixed hardwoods, with short understory of Lonicera and Rubus",2025,43.008758,-73.651207,FALSE,14,3,4.2,27,1,71,20,"SARA_023_BL_20250527.JPG","SARA_023_BR_20250527.JPG","SARA_023_UL_20250527.JPG","SARA_023_UR_20250527.JPG"
"MABI-024","MABI","3","Xeric- Dry Slopes","Park near Pogue, take trail to park (Red Pine loop to Farm Trail) - Plot can be accessed at the edge of the red pine plantation via trail. Better than crashing through the Rubus like we did in 2016 haha.","Red pine plantation; harvested last winter. Minimal understory.  Early succ. Understory herbs starting to show (2012).

Several stakes missing after yet another cut (pre-2016). We placed rebar at all stakes, including micros. Good Luck!:) Hopefully it won't be cut again. (2016)",2025,43.627731,-72.542756,FALSE,8,0,0.1,22,6,24,40,"MABI_024_BL_20250610.JPG","MABI_024_BR_20250610.JPG","MABI_024_UL_20250610.JPG","MABI_024_UR_20250610.JPG"
"MORR-024","MORR","4","Mesic- Rolling Uplands","Parked at Cross Estate and walked 250m at 315 degrees.","Liriodendron and Fraxinus americana canopy w/ dense but only waist high Berberis thunbergii understory.",2026,40.747674,-74.562837,FALSE,11,1,69,6,0,17,21,"MORR_024_BL_20260521.JPG","MORR_024_BR_20260521.JPG","MORR_024_UL_20260521.JPG","MORR_024_UR_20260521.JPG"
"ROVA-024","ROVA","4","Mesic- Moist Slopes and Coves","Drive down Hyde Park trail from top of VAMA unit about 0.8 miles. Enter woods on east side, 25 m at 150 degrees.
Plot center is in saddle between two small ridges.","West of pony shed. Changed orientation to 218.",2026,41.791139,-73.94587,FALSE,17,0,0.1,31,3,30,17,"ROVA_024_BL_20260528.JPG","ROVA_024_BR_20260528.JPG","ROVA_024_UL_20260528.JPG","ROVA_024_UR_20260528.JPG"
"SARA-024","SARA","3","Mesic- Flatwoods","Best way to plot is to stay on flat ground at same elevation as plot 24 and 22, and to walk in from road that is southwest of the plot. Sampling 24 first, then 22 is a good option. Avoid walking in via the ravines- loaded with honeysuckle and multiflora rose. Good luck!","Gap, very dense honeysuckle understory. Lots of light. White pine.",2025,42.995457,-73.637488,FALSE,4,2,93.4,17,1,44,17,"SARA_024_BL_20250528.JPG","SARA_024_BR_20250528.JPG","SARA_024_UL_20250528.JPG","SARA_024_UR_20250528.JPG"
"MORR-025","MORR","4","Mesic- Rolling Uplands","Park on loop road at trail intersection. Head uphill when trail T's. Look for exclosure and gate on left.  Get key from Resource Manager ahead of time!  Bottom center post is 9.7m from center due to rock.","Fagus- Quercus- Betula canopy with beech regeneration. Plot is located in deer exclosure.",2026,40.771162,-74.538012,FALSE,7,3,0.1,69,21,17,16,"MORR_025_BL_20260519.JPG","MORR_025_BR_20260519.JPG","MORR_025_UL_20260519.JPG","MORR_025_UR_20260519.JPG"
"ROVA-025","ROVA","4","Mesic- Rolling Uplands","70 degrees, 25 m from trail running along hudson river.  Slight slope, ~40 m down to Hudson river.  Due to log, UL Microplot is at 315 degrees, 5 m SD.","Quercus and Acer canopy with hamamalis virginiana understory. 2013- changed orientation to 92 from 90. Plot borders on burned area.",2026,41.803256,-73.944203,FALSE,12,2,4.6,59,1,30,26,"ROVA_025_BL_20260526.JPG","ROVA_025_BR_20260526.JPG","ROVA_025_UL_20260526.JPG","ROVA_025_UR_20260526.JPG"
"SARA-025","SARA","3","Mesic- Flatwoods","Drove in on sod farm road, then walked in ~150m.","Plot at edge of field and forest. Used small stakes for left side of plot. Plot is at edge of old field and forested ravine.",2025,42.990522,-73.621639,FALSE,20,1,0.1,25,1,33,23,"SARA_025_BL_20250528.JPG","SARA_025_BR_20250528.JPG","SARA_025_UL_20250528.JPG","SARA_025_UR_20250528.JPG"
"MORR-026","MORR","4","Hydric- Small Drain","park at trail center intersection of loop road. Follow Aquaductt trail, plot is of a side trail.","Quercus- Betula- Liriodendron canopy, understory of skunk cabbage in seasonal drainage. (Bring knee high boots)",2026,40.772603,-74.537979,FALSE,7,3,0,4,0,29,44,"MORR_026_BL_20260519.JPG","MORR_026_BR_20260519.JPG","MORR_026_UL_20260519.JPG","MORR_026_UR_20260519.JPG"
"ROVA-026","ROVA","4","Mesic- Moist Slopes and Coves","Go down Hyde Park Trail at Vanderbilt Home. From trail go 22m at 149 degrees.
UP CWD slope estimated due to a hill.
UR stake is at 13.14m at 45.1 degrees due to rock embankment.","Acer dominated overstory and understory. 2013- orientation changed from 284 to 279",2026,41.791496,-73.945563,FALSE,16,0,0.2,45,2,26,36,"ROVA_026_BL_20260601.JPG","ROVA_026_BR_20260601.JPG","ROVA_026_UL_20260601.JPG","ROVA_026_UR_20260601.JPG"
"SARA-026","SARA","3","Mesic- Flatwoods","Park on park road and head in perpendicularly.","Mature mixed hardwood forest, seepy.  Lots of CWD, likely all Populus tremuloides.Lots of light coimng in on one side of plot w/ large rosa multiflora patch.",2025,42.988258,-73.629527,FALSE,14,3,4.6,32,1,55,13,"SARA_026_BL_20250528.JPG","SARA_026_BR_20250528.JPG","SARA_026_UL_20250528.JPG","SARA_026_UR_20250528.JPG"
"MORR-027","MORR","4","Xeric- Dry Slopes","Parked at Grand Parade parking lot and walking hiking trail ~600m to gate. Walked ~450m @120 degrees off trail over hill. OR park on Jenks Hill Road off of Bailey Hollow. Park 330 m from plot after first house at the hairpin. bushwack up steep hill to old road, follow old road and continue straight on the path less travelled when it takes a hairpin. Trail goes straight to plot.","Quercus, Liriodendron and Acer rubrum forest with open understory and sparse barberry.",2026,40.771643,-74.512544,FALSE,10,0,19.4,8,0,9,30,"MORR_027_BL_20260521.JPG","MORR_027_BR_20260521.JPG","MORR_027_UL_20260521.JPG","MORR_027_UR_20260521.JPG"
"ROVA-027","ROVA","4","Hydric- Small Drain","Take Hyde Park Trail at Vanderbilt home. Park on Trail, walk up perpendicular to trail, plot center 18 m at 73 degrees from Perpendicular trail. Plot center 33 m at 133 degrees from Hyde Park trail.","Acer domintated overstory. Seepage/stream running straight down the middle. Lots of skunk cabbage.",2026,41.795412,-73.94432,FALSE,5,2,0,3,0,22,20,"ROVA_027_BL_20260528.JPG","ROVA_027_BR_20260528.JPG","ROVA_027_UL_20260528.JPG","ROVA_027_UR_20260528.JPG"
"SARA-027","SARA","3","Mesic- Floodplains/Bottomlands","Park on  Durham Rd. accros from field on south side of plot. Walk through field and enter woods to enter south side of plot.","2022: Changed orientation from 10 back to 360 so stakes within tolerance. Boots reccommended in wet years - high seepage area.",2025,42.98079,-73.65058,FALSE,7,1,49.5,14,0,43,16,"SARA_027_BL_20250603.JPG","SARA_027_BR_20250603.JPG","SARA_027_UL_20250603.JPG","SARA_027_UR_20250603.JPG"
"MORR-028","MORR","4","Mesic- Rolling Uplands","Located ~700m up Old Camp Rd. Trail. Plot located between Old Camp Trail and Mt. Kemble Trail.","Quercus- Liriodendron forest with Mt. Kemble Trail running through upper plot. Very sparse undersotry. UL stake offset at 17m and 37 degrees.",2026,40.764763,-74.526232,FALSE,7,1,0,2,0,6,21,"MORR_028_BL_20260518.JPG","MORR_028_BR_20260518.JPG","MORR_028_UL_20260518.JPG","MORR_028_UR_20260518.JPG"
"ROVA-028","ROVA","4","Hydric- Small Drain","Park on Hyde Park Trail and walk about 80 meters. Plot center is about 2 meters at 354 degrees from the side of seep.","Birch, maple, hickory overstory. Barberry, poison ivy, skunk cabbage, witch hazel understory.
Changed plot orientation from 76 to 86 deg. (6/4/13)",2026,41.802305,-73.941691,FALSE,9,0,7.6,13,2,36,22,"ROVA_028_BL_20260528.JPG","ROVA_028_BR_20260528.JPG","ROVA_028_UL_20260528.JPG","ROVA_028_UR_20260528.JPG"
"SARA-028","SARA","3","Mesic- Moist Slopes and Coves","Park at stop 8 and walk in along gated field road (just before parking lot). Cut into field and walk forest edge until perpendicular to plot then proceed down slope into forest. Plot center on SW side of small seepy ravine.","Data missing for physiographic class, A. Vincello, 5/13/2009. Changed orientation from 290 to 275 in 2016.",2025,42.998919,-73.614581,FALSE,22,2,4.8,50,0,39,31,"SARA_028_BL_20250602.JPG","SARA_028_BR_20250602.JPG","SARA_028_UL_20250602.JPG","SARA_028_UR_20250602.JPG"
"MORR-029","MORR","4","Mesic- Rolling Uplands","Park at service road/ Tempe Wicke intersection. Plot center is 40m at 200 degrees.","Liriodendron, Betula lenta, Acer rubrum, Carya alba canopy with barberry understory",2026,40.757806,-74.545782,FALSE,8,0,62.9,116,0,30,25,"MORR_029_BL_20260520.JPG","MORR_029_BR_20260520.JPG","MORR_029_UL_20260520.JPG","MORR_029_UR_20260520.JPG"
"ROVA-029","ROVA","4","Mesic- Rolling Uplands","Park on Hyde Trail at Vanderbilt Estate and walk 23m at 85 degrees.","Maple dominated overstory, maple spicebush and Virginia creeper understory.",2026,41.803932,-73.942326,FALSE,15,1,1.6,181,4,23,25,"ROVA_029_BL_20260526.JPG","ROVA_029_BR_20260526.JPG","ROVA_029_UL_20260526.JPG","ROVA_029_UR_20260526.JPG"
"SARA-029","SARA","3","Mesic- Flatwoods","park at service road-100m e, may be able to find the bird monitoring trail, look for pink flagging north along the road.","Dead ash canopy with dense Fraxinus regeneration; moderate Lonicera in the understory . Knee boots reccommended.",2025,43.005641,-73.648834,FALSE,3,6,23.4,167,7,78,9,"SARA_029_BL_20250527.JPG","SARA_029_BR_20250527.JPG","SARA_029_UL_20250527.JPG","SARA_029_UR_20250527.JPG"
"ROVA-030","ROVA","4","Mesic- Rolling Uplands","Park on Hyde Park Trail at Vanderbilt. From trail 20m at 112 degrees.  Center located onside of steep slope."," Mixed Acer sp. canopy with sparce Acer/Euonymus alata understory. Changed orientation from 90 to 93.",2026,41.800093,-73.943099,FALSE,9,1,32.8,37,3,20,22,"ROVA_030_BL_20260528.JPG","ROVA_030_BR_20260528.JPG","ROVA_030_UL_20260528.JPG","ROVA_030_UR_20260528.JPG"
"SARA-030","SARA","3","Mesic- Moist Slopes and Coves","Park along road. Follow the edge of the field before entering the forest.","BC and BL stakes in stream bed.. Near a stream bed. Maple forest on slope with walnut.",2025,42.98283,-73.632751,FALSE,17,3,0.1,25,1,40,45,"SARA_030_BL_20250528.JPG","SARA_030_BR_20250528.JPG","SARA_030_UL_20250528.JPG","SARA_030_UR_20250528.JPG"
"ROVA-031","ROVA","4","Mesic- Rolling Uplands","Drive to edge of forest through field on ""trail"". Walk in on trail, yield left. From trail plot center is 60m at 52 degrees.","Black and sugar maple dominated forest with garlic mustard and viola sp. understory.",2026,41.760136,-73.934071,FALSE,17,0,0.1,9,0,15,23,"ROVA_031_BL_20260602.JPG","ROVA_031_BR_20260602.JPG","ROVA_031_UL_20260602.JPG","ROVA_031_UR_20260602.JPG"
"SARA-031","SARA","3","Xeric- Dry Slopes","Parked at stop 6 and hiked trail in. Walked 200m at 120 degrees off trail","BLCorner in steep ravine.. Gently sloping pine forest with small drainage near bottom of plot.  Understory very sedgy.",2025,43.001521,-73.634766,FALSE,12,5,18.5,63,5,57,18,"SARA_031_BL_20250527.JPG","SARA_031_BR_20250527.JPG","SARA_031_UL_20250527.JPG","SARA_031_UR_20250527.JPG"
"ROVA-032","ROVA","4","Mesic- Moist Slopes and Coves","Mapped traill to plot does not exist. Follow Hyde Park Trail until after the meadow, then cut into the woods at 600m away. Follow the ridgetop to plot.","Sparse hemlock with black maple and other mixed deciduous trees. Plot strandles a steep ridge",2026,41.757893,-73.935901,FALSE,20,1,0.2,41,0,23,27,"ROVA_032_BL_20260527.JPG","ROVA_032_BR_20260527.JPG","ROVA_032_UL_20260527.JPG","ROVA_032_UR_20260527.JPG"
"SARA-032","SARA","3","Mesic- Moist Slopes and Coves","Parked jus5 past stream and walked ~120m  100 degrees","Honeysuckle shrubland with few trees.  Very dense understory.",2025,42.990717,-73.638709,FALSE,1,5,123.4,3,4,52,11,"SARA_032_BL_20250602.JPG","SARA_032_BR_20250602.JPG","SARA_032_UL_20250602.JPG","SARA_032_UR_20250602.JPG"
"ROVA-033","ROVA","4","Hydric- Small Drain","Park on service road and walk-in.","Seasonal drainage. Oak canopy, with maple, hickory, hophornbeam and basswood.  Mid-layer dominated with LINBEN and herbaceous plants dominated from ground to 0.5m. Spicebush decline evident. Large broken top on plot center.",2026,41.793048,-73.944912,FALSE,13,3,3.6,28,0,41,26,"ROVA_033_BL_20260528.JPG","ROVA_033_BR_20260528.JPG","ROVA_033_UL_20260528.JPG","ROVA_033_UR_20260528.JPG"
"ROVA-034","ROVA","4","Mesic- Flatwoods","Walk 200m west from junction of yellow trail and Roosevelt Farm Trail.  Go 20m at 16degrees N from yellow trail.
UL Microplot stake inside Fagus grandifolia, placed at 3m, 315 degrees instead.","Fagus grandifolia and Acer canopy with Fagus regeneration and understory.",2026,41.766224,-73.919534,FALSE,15,1,0.1,35,2,36,29,"ROVA_034_BL_20260527.JPG","ROVA_034_BR_20260527.JPG","ROVA_034_UL_20260527.JPG","ROVA_034_UR_20260527.JPG"
"ROVA-035","ROVA","4","Mesic- Moist Slopes and Coves","Flat area between two small ridges.  Take yellow trail from central intersection on the Farm Trail. Then take the Red trail 100m. Plot is behind ridge.","Open canopy with Tsuga Canadensis and mixed hardwoods.",2026,41.767043,-73.921349,FALSE,13,4,0,32,3,25,20,"ROVA_035_BL_20260526.JPG","ROVA_035_BR_20260526.JPG","ROVA_035_UL_20260526.JPG","ROVA_035_UR_20260526.JPG"
"ROVA-036","ROVA","4","Mesic- Rolling Uplands","250m from Roosevelt Farm Trail, south along trail. 30m at 70degrees from tail.   Plot center near base of uprooted tree at 11m from rock fence.  Bottom left corner has a potential underground beehive.","Mixed maple, hemlock and oak canopy with little understory. Center is at the top of a shallow ravine and beyond a rock fence. Changed orientation from 360 to 355.",2026,41.767095,-73.924993,FALSE,12,2,0.1,69,0,25,29,"ROVA_036_BL_20260526.JPG","ROVA_036_BR_20260526.JPG","ROVA_036_UL_20260526.JPG","ROVA_036_UR_20260526.JPG"
"ROVA-037","ROVA","4","Mesic- Moist Slopes and Coves","From Roosevelt Farm Trail follow western most junction with red trail. Plot located right off trail.
Plot center located on edge of vernal pool, next to a rock outcrop.

BC Stake is at 11m HD, 180 degrees, due to bedrock/shallow soil. BL stake is also off set- 15.14m HD, 225 degrees.","Maple and birch canopy. Bring rubber boots for this plot",2026,41.770212,-73.921139,FALSE,23,2,0,6,1,47,29,"ROVA_037_BL_20260526.JPG","ROVA_037_BR_20260526.JPG","ROVA_037_UL_20260526.JPG","ROVA_037_UR_20260526.JPG"
"ROVA-038","ROVA","4","Mesic- Rolling Uplands","Start from western most junction of red and FDR Farm Trail.

Mixed deciduous canopy with Acer nugrum Ailanthus altissima and Betula lenta midstory. Acer nigrum dominated understory. Co-dominated by ferns and Lindera benzoin. Red maple and hemlock near plot.","Changed orientation and aspect. Previous figures (235 for orientation and 147 for aspect) did not make sense.",2026,41.771849,-73.924842,FALSE,13,5,3,42,4,25,28,"ROVA_038_BL_20260527.JPG","ROVA_038_BR_20260527.JPG","ROVA_038_UL_20260527.JPG","ROVA_038_UR_20260527.JPG"
"ROVA-039","ROVA","4","Mesic- Rolling Uplands","Take old trail E/SE from service road. Walk past old metal roof. Go over rock wall before fence begins. Plot center lies in between the 2 rock walls but closer to the upslope wall..  UL Microplot offset due to rock wall, placed at 3.00 m.
Park in parking lot on east side of he trail; plot is off the trail at the roof.","Pine plantation with mixed deciduous understory and spruce spp. 2013: BL stake was offset by 2009 crew at 16m, and 288 degrees (did not move), and there's a paint mark on the wall at 14.1m. UL micro offset by 2009 crew at 3m and 17.5degrees, and there's a paint mark on rock wall at 4m. All pant marks are on loose rocks that could shift.",2026,41.762172,-73.908162,FALSE,17,15,0.1,44,0,33,24,"ROVA_039_BL_20260603.JPG","ROVA_039_BR_20260603.JPG","ROVA_039_UL_20260603.JPG","ROVA_039_UR_20260603.JPG"
"ROVA-040","ROVA","4","Mesic- Moist Slopes and Coves","Trail head marked with ROVA 40T. 286m from trailhead to plot.  Yellow trail is 450m to plot. 2017- followed yellow trail past stream on map and then followed social trails (social trail meets yellow trail when 278 m from plot) to within 20m of plot.","Hemlock dominated with mixed deciduous trees. Mid-story co-dominated by beech and hemlock regeneration. Sparse understory with Viburnum acerifolium.",2026,41.76855,-73.917799,FALSE,12,6,0,225,1,27,16,"ROVA_040_BL_20260601.JPG","ROVA_040_BR_20260601.JPG","ROVA_040_UL_20260601.JPG","ROVA_040_UR_20260601.JPG"
